device_name,variable,room,year,month,day,hour,minute,home,data_name,data_type,data_value
Name,shine,living_room,2024,1,27,6,2,yes,switch,bool,1
Name,shine,living_room,2024,1,27,6,43,yes,switch,bool,-1
Name,shine,living_room,2024,1,27,17,43,yes,switch,bool,1
Name,shine,living_room,2024,1,27,22,43,yes,switch,bool,-1
Name,shine,living_room,2024,1,28,6,5,yes,switch,bool,1
Name,shine,living_room,2024,1,28,6,50,yes,switch,bool,-1
Name,shine,living_room,2024,1,28,18,5,yes,switch,bool,1
Name,shine,living_room,2024,1,28,22,55,yes,switch,bool,-1
Name,shine,living_room,2024,1,29,6,5,yes,switch,bool,1
Name,shine,living_room,2024,1,29,6,32,yes,switch,bool,-1
Name,shine,living_room,2024,1,29,18,6,yes,switch,bool,1
Name,shine,living_room,2024,1,29,22,53,yes,switch,bool,-1
Name,shine,living_room,2024,2,1,6,18,yes,switch,bool,1
Name,shine,living_room,2024,2,1,6,55,yes,switch,bool,-1
Name,shine,living_room,2024,2,1,17,46,yes,switch,bool,1
Name,shine,living_room,2024,2,1,22,57,yes,switch,bool,-1
Name,shine,living_room,2024,2,2,6,10,yes,switch,bool,1
Name,shine,living_room,2024,2,2,6,50,yes,switch,bool,-1
Name,shine,living_room,2024,2,2,17,50,yes,switch,bool,1
Name,shine,living_room,2024,2,2,22,45,yes,switch,bool,-1
Name,shine,living_room,2024,2,3,6,8,yes,switch,bool,1
Name,shine,living_room,2024,2,3,6,48,yes,switch,bool,-1
Name,shine,living_room,2024,2,3,18,2,yes,switch,bool,1
Name,shine,living_room,2024,2,3,23,0,yes,switch,bool,-1
Name,shine,living_room,2024,2,4,6,20,yes,switch,bool,1
Name,shine,living_room,2024,2,4,6,50,yes,switch,bool,-1
Name,shine,living_room,2024,2,4,17,53,yes,switch,bool,1
Name,shine,living_room,2024,2,4,22,59,yes,switch,bool,-1
Name,shine,living_room,2024,2,5,6,15,yes,switch,bool,1
Name,shine,living_room,2024,2,5,6,48,yes,switch,bool,-1
Name,shine,living_room,2024,2,5,17,54,yes,switch,bool,1
Name,shine,living_room,2024,2,5,22,47,yes,switch,bool,-1
Name,shine,living_room,2024,2,6,6,14,yes,switch,bool,1
Name,shine,living_room,2024,2,6,6,47,yes,switch,bool,-1
Name,shine,living_room,2024,2,6,17,55,yes,switch,bool,1
Name,shine,living_room,2024,2,6,22,55,yes,switch,bool,-1
Name,shine,living_room,2024,2,7,6,2,yes,switch,bool,1
Name,shine,living_room,2024,2,7,6,39,yes,switch,bool,-1
Name,shine,living_room,2024,2,7,18,10,yes,switch,bool,1
Name,shine,living_room,2024,2,7,23,10,yes,switch,bool,-1
Name,shine,living_room,2024,2,8,6,12,yes,switch,bool,1
Name,shine,living_room,2024,2,8,6,45,yes,switch,bool,-1
Name,shine,living_room,2024,2,8,17,50,yes,switch,bool,1
Name,shine,living_room,2024,2,8,22,48,yes,switch,bool,-1
Name,shine,living_room,2024,2,9,6,1,yes,switch,bool,1
Name,shine,living_room,2024,2,9,6,48,yes,switch,bool,-1
Name,shine,living_room,2024,2,9,17,53,yes,switch,bool,1
Name,shine,living_room,2024,2,9,22,49,yes,switch,bool,-1
Name,shine,living_room,2024,2,10,6,5,yes,switch,bool,1
Name,shine,living_room,2024,2,10,6,45,yes,switch,bool,-1
Name,shine,living_room,2024,2,10,17,33,yes,switch,bool,1
Name,shine,living_room,2024,2,10,22,24,yes,switch,bool,-1
Name,shine,living_room,2024,2,11,6,6,yes,switch,bool,1
Name,shine,living_room,2024,2,11,6,36,yes,switch,bool,-1
Name,shine,living_room,2024,2,11,17,52,yes,switch,bool,1
Name,shine,living_room,2024,2,11,22,47,yes,switch,bool,-1
Name,shine,living_room,2024,2,12,6,13,yes,switch,bool,1
Name,shine,living_room,2024,2,12,6,46,yes,switch,bool,-1
Name,shine,living_room,2024,2,12,17,55,yes,switch,bool,1
Name,shine,living_room,2024,2,12,22,36,yes,switch,bool,-1
Name,shine,living_room,2024,2,13,6,14,yes,switch,bool,1
Name,shine,living_room,2024,2,13,6,44,yes,switch,bool,-1
Name,shine,living_room,2024,2,13,18,10,yes,switch,bool,1
Name,shine,living_room,2024,2,13,23,1,yes,switch,bool,-1
Name,shine,living_room,2024,2,14,6,4,yes,switch,bool,1
Name,shine,living_room,2024,2,14,6,37,yes,switch,bool,-1
Name,shine,living_room,2024,2,14,18,4,yes,switch,bool,1
Name,shine,living_room,2024,2,14,22,47,yes,switch,bool,-1
Name,shine,living_room,2024,2,15,6,12,yes,switch,bool,1
Name,shine,living_room,2024,2,15,6,40,yes,switch,bool,-1
Name,shine,living_room,2024,2,15,17,43,yes,switch,bool,1
Name,shine,living_room,2024,2,15,22,50,yes,switch,bool,-1
Name,shine,living_room,2024,2,16,6,0,yes,switch,bool,1
Name,shine,living_room,2024,2,16,6,41,yes,switch,bool,-1
Name,shine,living_room,2024,2,16,17,48,yes,switch,bool,1
Name,shine,living_room,2024,2,16,22,50,yes,switch,bool,-1
Name,shine,living_room,2024,2,17,6,1,yes,switch,bool,1
Name,shine,living_room,2024,2,17,6,37,yes,switch,bool,-1
Name,shine,living_room,2024,2,17,17,48,yes,switch,bool,1
Name,shine,living_room,2024,2,17,22,51,yes,switch,bool,-1
Name,shine,living_room,2024,2,18,6,6,yes,switch,bool,1
Name,shine,living_room,2024,2,18,6,39,yes,switch,bool,-1
Name,shine,living_room,2024,2,18,17,49,yes,switch,bool,1
Name,shine,living_room,2024,2,18,22,59,yes,switch,bool,-1
Name,shine,living_room,2024,2,19,6,17,yes,switch,bool,1
Name,shine,living_room,2024,2,19,6,49,yes,switch,bool,-1
Name,shine,living_room,2024,2,19,17,50,yes,switch,bool,1
Name,shine,living_room,2024,2,19,22,32,yes,switch,bool,-1
Name,shine,living_room,2024,2,20,6,4,yes,switch,bool,1
Name,shine,living_room,2024,2,20,6,56,yes,switch,bool,-1
Name,shine,living_room,2024,2,20,18,2,yes,switch,bool,1
Name,shine,living_room,2024,2,20,22,32,yes,switch,bool,-1
Name,shine,living_room,2024,2,21,6,14,yes,switch,bool,1
Name,shine,living_room,2024,2,21,6,43,yes,switch,bool,-1
Name,shine,living_room,2024,2,21,18,1,yes,switch,bool,1
Name,shine,living_room,2024,2,21,22,42,yes,switch,bool,-1
Name,shine,living_room,2024,2,22,6,5,yes,switch,bool,1
Name,shine,living_room,2024,2,22,6,43,yes,switch,bool,-1
Name,shine,living_room,2024,2,22,18,0,yes,switch,bool,1
Name,shine,living_room,2024,2,22,22,21,yes,switch,bool,-1
Name,shine,living_room,2024,2,23,6,6,yes,switch,bool,1
Name,shine,living_room,2024,2,23,6,56,yes,switch,bool,-1
Name,shine,living_room,2024,2,23,17,43,yes,switch,bool,1
Name,shine,living_room,2024,2,23,22,31,yes,switch,bool,-1
Name,shine,living_room,2024,2,24,6,17,yes,switch,bool,1
Name,shine,living_room,2024,2,24,6,42,yes,switch,bool,-1
Name,shine,living_room,2024,2,24,17,48,yes,switch,bool,1
Name,shine,living_room,2024,2,24,22,42,yes,switch,bool,-1
Name,shine,living_room,2024,2,25,6,12,yes,switch,bool,1
Name,shine,living_room,2024,2,25,6,32,yes,switch,bool,-1
Name,shine,living_room,2024,2,25,17,49,yes,switch,bool,1
Name,shine,living_room,2024,2,25,22,43,yes,switch,bool,-1
Name,shine,living_room,2024,2,26,6,12,yes,switch,bool,1
Name,shine,living_room,2024,2,26,6,32,yes,switch,bool,-1
Name,shine,living_room,2024,2,26,17,49,yes,switch,bool,1
Name,shine,living_room,2024,2,26,22,43,yes,switch,bool,-1
Name,shine,living_room,2024,2,27,6,10,yes,switch,bool,1
Name,shine,living_room,2024,2,27,6,48,yes,switch,bool,-1
Name,shine,living_room,2024,2,27,17,55,yes,switch,bool,1
Name,shine,living_room,2024,2,27,22,35,yes,switch,bool,-1
Name,shine,living_room,2024,2,28,6,4,yes,switch,bool,1
Name,shine,living_room,2024,2,28,6,49,yes,switch,bool,-1
Name,shine,living_room,2024,2,28,17,42,yes,switch,bool,1
Name,shine,living_room,2024,2,28,22,30,yes,switch,bool,-1
Name,shine,living_room,2024,2,29,6,5,yes,switch,bool,1
Name,shine,living_room,2024,2,29,6,55,yes,switch,bool,-1
Name,shine,living_room,2024,2,29,17,55,yes,switch,bool,1
Name,shine,living_room,2024,2,29,22,49,yes,switch,bool,-1
Name,shine,living_room,2024,2,30,6,5,yes,switch,bool,1
Name,shine,living_room,2024,2,30,6,55,yes,switch,bool,-1
Name,shine,living_room,2024,2,30,17,55,yes,switch,bool,1
Name,shine,living_room,2024,2,30,22,49,yes,switch,bool,-1
Name,shine,living_room,2024,2,31,6,4,yes,switch,bool,1
Name,shine,living_room,2024,2,31,6,47,yes,switch,bool,-1
Name,shine,living_room,2024,2,31,17,57,yes,switch,bool,1
Name,shine,living_room,2024,2,31,22,43,yes,switch,bool,-1
Name,shine,living_room,2024,3,1,6,18,yes,switch,bool,1
Name,shine,living_room,2024,3,1,6,55,yes,switch,bool,-1
Name,shine,living_room,2024,3,1,17,46,yes,switch,bool,1
Name,shine,living_room,2024,3,1,22,57,yes,switch,bool,-1
Name,shine,living_room,2024,3,2,6,10,yes,switch,bool,1
Name,shine,living_room,2024,3,2,6,50,yes,switch,bool,-1
Name,shine,living_room,2024,3,2,17,50,yes,switch,bool,1
Name,shine,living_room,2024,3,2,22,45,yes,switch,bool,-1
Name,shine,living_room,2024,3,3,6,8,yes,switch,bool,1
Name,shine,living_room,2024,3,3,6,48,yes,switch,bool,-1
Name,shine,living_room,2024,3,3,18,2,yes,switch,bool,1
Name,shine,living_room,2024,3,3,23,0,yes,switch,bool,-1
Name,shine,living_room,2024,3,4,6,20,yes,switch,bool,1
Name,shine,living_room,2024,3,4,6,50,yes,switch,bool,-1
Name,shine,living_room,2024,3,4,17,53,yes,switch,bool,1
Name,shine,living_room,2024,3,4,22,59,yes,switch,bool,-1
Name,shine,living_room,2024,3,5,6,15,yes,switch,bool,1
Name,shine,living_room,2024,3,5,6,48,yes,switch,bool,-1
Name,shine,living_room,2024,3,5,17,54,yes,switch,bool,1
Name,shine,living_room,2024,3,5,22,47,yes,switch,bool,-1
Name,shine,living_room,2024,3,6,6,14,yes,switch,bool,1
Name,shine,living_room,2024,3,6,6,47,yes,switch,bool,-1
Name,shine,living_room,2024,3,6,17,55,yes,switch,bool,1
Name,shine,living_room,2024,3,6,22,55,yes,switch,bool,-1
Name,shine,living_room,2024,3,7,6,2,yes,switch,bool,1
Name,shine,living_room,2024,3,7,6,39,yes,switch,bool,-1
Name,shine,living_room,2024,3,7,18,10,yes,switch,bool,1
Name,shine,living_room,2024,3,7,23,10,yes,switch,bool,-1
Name,shine,living_room,2024,3,8,6,12,yes,switch,bool,1
Name,shine,living_room,2024,3,8,6,45,yes,switch,bool,-1
Name,shine,living_room,2024,3,8,17,50,yes,switch,bool,1
Name,shine,living_room,2024,3,8,22,48,yes,switch,bool,-1
Name,shine,living_room,2024,3,9,6,1,yes,switch,bool,1
Name,shine,living_room,2024,3,9,6,48,yes,switch,bool,-1
Name,shine,living_room,2024,3,9,17,53,yes,switch,bool,1
Name,shine,living_room,2024,3,9,22,49,yes,switch,bool,-1
Name,shine,living_room,2024,3,10,6,5,yes,switch,bool,1
Name,shine,living_room,2024,3,10,6,45,yes,switch,bool,-1
Name,shine,living_room,2024,3,10,17,33,yes,switch,bool,1
Name,shine,living_room,2024,3,10,22,24,yes,switch,bool,-1
Name,shine,living_room,2024,3,11,6,6,yes,switch,bool,1
Name,shine,living_room,2024,3,11,6,36,yes,switch,bool,-1
Name,shine,living_room,2024,3,11,17,52,yes,switch,bool,1
Name,shine,living_room,2024,3,11,22,47,yes,switch,bool,-1
Name,shine,living_room,2024,3,12,6,13,yes,switch,bool,1
Name,shine,living_room,2024,3,12,6,46,yes,switch,bool,-1
Name,shine,living_room,2024,3,12,17,55,yes,switch,bool,1
Name,shine,living_room,2024,3,12,22,36,yes,switch,bool,-1
Name,shine,living_room,2024,3,13,6,14,yes,switch,bool,1
Name,shine,living_room,2024,3,13,6,44,yes,switch,bool,-1
Name,shine,living_room,2024,3,13,18,10,yes,switch,bool,1
Name,shine,living_room,2024,3,13,23,1,yes,switch,bool,-1
Name,shine,living_room,2024,3,14,6,4,yes,switch,bool,1
Name,shine,living_room,2024,3,14,6,37,yes,switch,bool,-1
Name,shine,living_room,2024,3,14,18,4,yes,switch,bool,1
Name,shine,living_room,2024,3,14,22,47,yes,switch,bool,-1
Name,shine,living_room,2024,3,15,6,12,yes,switch,bool,1
Name,shine,living_room,2024,3,15,6,40,yes,switch,bool,-1
Name,shine,living_room,2024,3,15,17,43,yes,switch,bool,1
Name,shine,living_room,2024,3,15,22,50,yes,switch,bool,-1
Name,shine,living_room,2024,3,16,6,0,yes,switch,bool,1
Name,shine,living_room,2024,3,16,6,41,yes,switch,bool,-1
Name,shine,living_room,2024,3,16,17,48,yes,switch,bool,1
Name,shine,living_room,2024,3,16,22,50,yes,switch,bool,-1
Name,shine,living_room,2024,3,17,6,1,yes,switch,bool,1
Name,shine,living_room,2024,3,17,6,37,yes,switch,bool,-1
Name,shine,living_room,2024,3,17,17,48,yes,switch,bool,1
Name,shine,living_room,2024,3,17,22,51,yes,switch,bool,-1
Name,shine,living_room,2024,3,18,6,6,yes,switch,bool,1
Name,shine,living_room,2024,3,18,6,39,yes,switch,bool,-1
Name,shine,living_room,2024,3,18,17,49,yes,switch,bool,1
Name,shine,living_room,2024,3,18,22,59,yes,switch,bool,-1
Name,shine,living_room,2024,3,19,6,17,yes,switch,bool,1
Name,shine,living_room,2024,3,19,6,49,yes,switch,bool,-1
Name,shine,living_room,2024,3,19,17,50,yes,switch,bool,1
Name,shine,living_room,2024,3,19,22,32,yes,switch,bool,-1
Name,shine,living_room,2024,3,20,6,4,yes,switch,bool,1
Name,shine,living_room,2024,3,20,6,56,yes,switch,bool,-1
Name,shine,living_room,2024,3,20,18,2,yes,switch,bool,1
Name,shine,living_room,2024,3,20,22,32,yes,switch,bool,-1
Name,shine,living_room,2024,3,21,6,14,yes,switch,bool,1
Name,shine,living_room,2024,3,21,6,43,yes,switch,bool,-1
Name,shine,living_room,2024,3,21,18,1,yes,switch,bool,1
Name,shine,living_room,2024,3,21,22,42,yes,switch,bool,-1
Name,shine,living_room,2024,3,22,6,5,yes,switch,bool,1
Name,shine,living_room,2024,3,22,6,43,yes,switch,bool,-1
Name,shine,living_room,2024,3,22,18,0,yes,switch,bool,1
Name,shine,living_room,2024,3,22,22,21,yes,switch,bool,-1
Name,shine,living_room,2024,3,23,6,6,yes,switch,bool,1
Name,shine,living_room,2024,3,23,6,56,yes,switch,bool,-1
Name,shine,living_room,2024,3,23,17,43,yes,switch,bool,1
Name,shine,living_room,2024,3,23,22,31,yes,switch,bool,-1
Name,shine,living_room,2024,3,24,6,17,yes,switch,bool,1
Name,shine,living_room,2024,3,24,6,42,yes,switch,bool,-1
Name,shine,living_room,2024,3,24,17,48,yes,switch,bool,1
Name,shine,living_room,2024,3,24,22,42,yes,switch,bool,-1
Name,shine,living_room,2024,3,25,6,12,yes,switch,bool,1
Name,shine,living_room,2024,3,25,6,32,yes,switch,bool,-1
Name,shine,living_room,2024,3,25,17,49,yes,switch,bool,1
Name,shine,living_room,2024,3,25,22,43,yes,switch,bool,-1
Name,shine,living_room,2024,3,26,6,12,yes,switch,bool,1
Name,shine,living_room,2024,3,26,6,32,yes,switch,bool,-1
Name,shine,living_room,2024,3,26,17,49,yes,switch,bool,1
Name,shine,living_room,2024,3,26,22,43,yes,switch,bool,-1
Name,shine,living_room,2024,3,27,6,10,yes,switch,bool,1
Name,shine,living_room,2024,3,27,6,48,yes,switch,bool,-1
Name,shine,living_room,2024,3,27,17,55,yes,switch,bool,1
Name,shine,living_room,2024,3,27,22,35,yes,switch,bool,-1
Name,shine,living_room,2024,3,28,6,4,yes,switch,bool,1
Name,shine,living_room,2024,3,28,6,49,yes,switch,bool,-1
Name,shine,living_room,2024,3,28,17,42,yes,switch,bool,1
Name,shine,living_room,2024,3,28,22,30,yes,switch,bool,-1
Name,shine,living_room,2024,3,29,6,5,yes,switch,bool,1
Name,shine,living_room,2024,3,29,6,55,yes,switch,bool,-1
Name,shine,living_room,2024,3,29,17,55,yes,switch,bool,1
Name,shine,living_room,2024,3,29,22,49,yes,switch,bool,-1
Name,shine,living_room,2024,3,30,6,5,yes,switch,bool,1
Name,shine,living_room,2024,3,30,6,55,yes,switch,bool,-1
Name,shine,living_room,2024,3,30,17,55,yes,switch,bool,1
Name,shine,living_room,2024,3,30,22,49,yes,switch,bool,-1
Name,shine,living_room,2024,4,1,6,18,yes,switch,bool,1
Name,shine,living_room,2024,4,1,6,55,yes,switch,bool,-1
Name,shine,living_room,2024,4,1,17,46,yes,switch,bool,1
Name,shine,living_room,2024,4,1,22,57,yes,switch,bool,-1
Name,shine,living_room,2024,4,2,6,10,yes,switch,bool,1
Name,shine,living_room,2024,4,2,6,50,yes,switch,bool,-1
Name,shine,living_room,2024,4,2,17,50,yes,switch,bool,1
Name,shine,living_room,2024,4,2,22,45,yes,switch,bool,-1
Name,shine,living_room,2024,4,3,6,8,yes,switch,bool,1
Name,shine,living_room,2024,4,3,6,48,yes,switch,bool,-1
Name,shine,living_room,2024,4,3,18,2,yes,switch,bool,1
Name,shine,living_room,2024,4,3,23,0,yes,switch,bool,-1
Name,shine,living_room,2024,4,4,6,20,yes,switch,bool,1
Name,shine,living_room,2024,4,4,6,50,yes,switch,bool,-1
Name,shine,living_room,2024,4,4,17,53,yes,switch,bool,1
Name,shine,living_room,2024,4,4,22,59,yes,switch,bool,-1
Name,shine,living_room,2024,4,5,6,15,yes,switch,bool,1
Name,shine,living_room,2024,4,5,6,48,yes,switch,bool,-1
Name,shine,living_room,2024,4,5,17,54,yes,switch,bool,1
Name,shine,living_room,2024,4,5,22,47,yes,switch,bool,-1
Name,shine,living_room,2024,4,6,6,14,yes,switch,bool,1
Name,shine,living_room,2024,4,6,6,47,yes,switch,bool,-1
Name,shine,living_room,2024,4,6,17,55,yes,switch,bool,1
Name,shine,living_room,2024,4,6,22,55,yes,switch,bool,-1
Name,shine,living_room,2024,4,7,6,2,yes,switch,bool,1
Name,shine,living_room,2024,4,7,6,39,yes,switch,bool,-1
Name,shine,living_room,2024,4,7,18,10,yes,switch,bool,1
Name,shine,living_room,2024,4,7,23,10,yes,switch,bool,-1
Name,shine,living_room,2024,4,8,6,12,yes,switch,bool,1
Name,shine,living_room,2024,4,8,6,45,yes,switch,bool,-1
Name,shine,living_room,2024,4,8,17,50,yes,switch,bool,1
Name,shine,living_room,2024,4,8,22,48,yes,switch,bool,-1
Name,shine,living_room,2024,4,9,6,1,yes,switch,bool,1
Name,shine,living_room,2024,4,9,6,48,yes,switch,bool,-1
Name,shine,living_room,2024,4,9,17,53,yes,switch,bool,1
Name,shine,living_room,2024,4,9,22,49,yes,switch,bool,-1
Name,shine,living_room,2024,4,10,6,5,yes,switch,bool,1
Name,shine,living_room,2024,4,10,6,45,yes,switch,bool,-1
Name,shine,living_room,2024,4,10,17,33,yes,switch,bool,1
Name,shine,living_room,2024,4,10,22,24,yes,switch,bool,-1
Name,shine,living_room,2024,4,11,6,6,yes,switch,bool,1
Name,shine,living_room,2024,4,11,6,36,yes,switch,bool,-1
Name,shine,living_room,2024,4,11,17,52,yes,switch,bool,1
Name,shine,living_room,2024,4,11,22,47,yes,switch,bool,-1
Name,shine,living_room,2024,4,12,6,13,yes,switch,bool,1
Name,shine,living_room,2024,4,12,6,46,yes,switch,bool,-1
Name,shine,living_room,2024,4,12,17,55,yes,switch,bool,1
Name,shine,living_room,2024,4,12,22,36,yes,switch,bool,-1
Name,shine,living_room,2024,4,13,6,14,yes,switch,bool,1
Name,shine,living_room,2024,4,13,6,44,yes,switch,bool,-1
Name,shine,living_room,2024,4,13,18,10,yes,switch,bool,1
Name,shine,living_room,2024,4,13,23,1,yes,switch,bool,-1
Name,shine,living_room,2024,4,14,6,4,yes,switch,bool,1
Name,shine,living_room,2024,4,14,6,37,yes,switch,bool,-1
Name,shine,living_room,2024,4,14,18,4,yes,switch,bool,1
Name,shine,living_room,2024,4,14,22,47,yes,switch,bool,-1
Name,shine,living_room,2024,4,15,6,12,yes,switch,bool,1
Name,shine,living_room,2024,4,15,6,40,yes,switch,bool,-1
Name,shine,living_room,2024,4,15,17,43,yes,switch,bool,1
Name,shine,living_room,2024,4,15,22,50,yes,switch,bool,-1
Name,shine,living_room,2024,4,16,6,0,yes,switch,bool,1
Name,shine,living_room,2024,4,16,6,41,yes,switch,bool,-1
Name,shine,living_room,2024,4,16,17,48,yes,switch,bool,1
Name,shine,living_room,2024,4,16,22,50,yes,switch,bool,-1
Name,shine,living_room,2024,4,17,6,1,yes,switch,bool,1
Name,shine,living_room,2024,4,17,6,37,yes,switch,bool,-1
Name,shine,living_room,2024,4,17,17,48,yes,switch,bool,1
Name,shine,living_room,2024,4,17,22,51,yes,switch,bool,-1
Name,shine,living_room,2024,4,18,6,6,yes,switch,bool,1
Name,shine,living_room,2024,4,18,6,39,yes,switch,bool,-1
Name,shine,living_room,2024,4,18,17,49,yes,switch,bool,1
Name,shine,living_room,2024,4,18,22,59,yes,switch,bool,-1
Name,shine,living_room,2024,4,19,6,17,yes,switch,bool,1
Name,shine,living_room,2024,4,19,6,49,yes,switch,bool,-1
Name,shine,living_room,2024,4,19,17,50,yes,switch,bool,1
Name,shine,living_room,2024,4,19,22,32,yes,switch,bool,-1
Name,shine,living_room,2024,4,20,6,4,yes,switch,bool,1
Name,shine,living_room,2024,4,20,6,56,yes,switch,bool,-1
Name,shine,living_room,2024,4,20,18,2,yes,switch,bool,1
Name,shine,living_room,2024,4,20,22,32,yes,switch,bool,-1
Name,shine,living_room,2024,4,21,6,14,yes,switch,bool,1
Name,shine,living_room,2024,4,21,6,43,yes,switch,bool,-1
Name,shine,living_room,2024,4,21,18,1,yes,switch,bool,1
Name,shine,living_room,2024,4,21,22,42,yes,switch,bool,-1
Name,shine,living_room,2024,4,22,6,5,yes,switch,bool,1
Name,shine,living_room,2024,4,22,6,43,yes,switch,bool,-1
Name,shine,living_room,2024,4,22,18,0,yes,switch,bool,1
Name,shine,living_room,2024,4,22,22,21,yes,switch,bool,-1
Name,shine,living_room,2024,4,23,6,6,yes,switch,bool,1
Name,shine,living_room,2024,4,23,6,56,yes,switch,bool,-1
Name,shine,living_room,2024,4,23,17,43,yes,switch,bool,1
Name,shine,living_room,2024,4,23,22,31,yes,switch,bool,-1
Name,shine,living_room,2024,4,24,6,17,yes,switch,bool,1
Name,shine,living_room,2024,4,24,6,42,yes,switch,bool,-1
Name,shine,living_room,2024,4,24,17,48,yes,switch,bool,1
Name,shine,living_room,2024,4,24,22,42,yes,switch,bool,-1
Name,shine,living_room,2024,4,25,6,12,yes,switch,bool,1
Name,shine,living_room,2024,4,25,6,32,yes,switch,bool,-1
Name,shine,living_room,2024,4,25,17,49,yes,switch,bool,1
Name,shine,living_room,2024,4,25,22,43,yes,switch,bool,-1
Name,shine,living_room,2024,4,26,6,12,yes,switch,bool,1
Name,shine,living_room,2024,4,26,6,32,yes,switch,bool,-1
Name,shine,living_room,2024,4,26,17,49,yes,switch,bool,1
Name,shine,living_room,2024,4,26,22,43,yes,switch,bool,-1
Name,shine,living_room,2024,4,27,6,10,yes,switch,bool,1
Name,shine,living_room,2024,4,27,6,48,yes,switch,bool,-1
Name,shine,living_room,2024,4,27,17,55,yes,switch,bool,1
Name,shine,living_room,2024,4,27,22,35,yes,switch,bool,-1
Name,shine,living_room,2024,4,28,6,4,yes,switch,bool,1
Name,shine,living_room,2024,4,28,6,49,yes,switch,bool,-1
Name,shine,living_room,2024,4,28,17,42,yes,switch,bool,1
Name,shine,living_room,2024,4,28,22,30,yes,switch,bool,-1
Name,shine,living_room,2024,4,29,6,5,yes,switch,bool,1
Name,shine,living_room,2024,4,29,6,55,yes,switch,bool,-1
Name,shine,living_room,2024,4,29,17,55,yes,switch,bool,1
Name,shine,living_room,2024,4,29,22,49,yes,switch,bool,-1
Name,shine,living_room,2024,4,30,6,5,yes,switch,bool,1
Name,shine,living_room,2024,4,30,6,55,yes,switch,bool,-1
Name,shine,living_room,2024,4,30,17,55,yes,switch,bool,1
Name,shine,living_room,2024,4,30,22,49,yes,switch,bool,-1
Name,shine,living_room,2024,4,31,6,5,yes,switch,bool,1
Name,shine,living_room,2024,4,31,6,55,yes,switch,bool,-1
Name,shine,living_room,2024,4,31,17,55,yes,switch,bool,1
Name,shine,living_room,2024,4,31,22,49,yes,switch,bool,-1
Name,shine,living_room,2024,5,1,6,18,yes,switch,bool,1
Name,shine,living_room,2024,5,1,6,55,yes,switch,bool,-1
Name,shine,living_room,2024,5,1,17,46,yes,switch,bool,1
Name,shine,living_room,2024,5,1,22,57,yes,switch,bool,-1
Name,shine,living_room,2024,5,2,6,10,yes,switch,bool,1
Name,shine,living_room,2024,5,2,6,50,yes,switch,bool,-1
Name,shine,living_room,2024,5,2,17,50,yes,switch,bool,1
Name,shine,living_room,2024,5,2,22,45,yes,switch,bool,-1
Name,shine,living_room,2024,5,3,6,8,yes,switch,bool,1
Name,shine,living_room,2024,5,3,6,48,yes,switch,bool,-1
Name,shine,living_room,2024,5,3,18,2,yes,switch,bool,1
Name,shine,living_room,2024,5,3,23,0,yes,switch,bool,-1
Name,shine,living_room,2024,5,4,6,20,yes,switch,bool,1
Name,shine,living_room,2024,5,4,6,50,yes,switch,bool,-1
Name,shine,living_room,2024,5,4,17,53,yes,switch,bool,1
Name,shine,living_room,2024,5,4,22,59,yes,switch,bool,-1
Name,shine,living_room,2024,5,5,6,15,yes,switch,bool,1
Name,shine,living_room,2024,5,5,6,48,yes,switch,bool,-1
Name,shine,living_room,2024,5,5,17,54,yes,switch,bool,1
Name,shine,living_room,2024,5,5,22,47,yes,switch,bool,-1
Name,shine,living_room,2024,5,6,6,14,yes,switch,bool,1
Name,shine,living_room,2024,5,6,6,47,yes,switch,bool,-1
Name,shine,living_room,2024,5,6,17,55,yes,switch,bool,1
Name,shine,living_room,2024,5,6,22,55,yes,switch,bool,-1
Name,shine,living_room,2024,5,7,6,2,yes,switch,bool,1
Name,shine,living_room,2024,5,7,6,39,yes,switch,bool,-1
Name,shine,living_room,2024,5,7,18,10,yes,switch,bool,1
Name,shine,living_room,2024,5,7,23,10,yes,switch,bool,-1
Name,shine,living_room,2024,5,8,6,12,yes,switch,bool,1
Name,shine,living_room,2024,5,8,6,45,yes,switch,bool,-1
Name,shine,living_room,2024,5,8,17,50,yes,switch,bool,1
Name,shine,living_room,2024,5,8,22,48,yes,switch,bool,-1
Name,shine,living_room,2024,5,9,6,1,yes,switch,bool,1
Name,shine,living_room,2024,5,9,6,48,yes,switch,bool,-1
Name,shine,living_room,2024,5,9,17,53,yes,switch,bool,1
Name,shine,living_room,2024,5,9,22,49,yes,switch,bool,-1
Name,shine,living_room,2024,5,10,6,5,yes,switch,bool,1
Name,shine,living_room,2024,5,10,6,45,yes,switch,bool,-1
Name,shine,living_room,2024,5,10,17,33,yes,switch,bool,1
Name,shine,living_room,2024,5,10,22,24,yes,switch,bool,-1
Name,shine,living_room,2024,5,11,6,6,yes,switch,bool,1
Name,shine,living_room,2024,5,11,6,36,yes,switch,bool,-1
Name,shine,living_room,2024,5,11,17,52,yes,switch,bool,1
Name,shine,living_room,2024,5,11,22,47,yes,switch,bool,-1
Name,shine,living_room,2024,5,12,6,13,yes,switch,bool,1
Name,shine,living_room,2024,5,12,6,46,yes,switch,bool,-1
Name,shine,living_room,2024,5,12,17,55,yes,switch,bool,1
Name,shine,living_room,2024,5,12,22,36,yes,switch,bool,-1
Name,shine,living_room,2024,5,13,6,14,yes,switch,bool,1
Name,shine,living_room,2024,5,13,6,44,yes,switch,bool,-1
Name,shine,living_room,2024,5,13,18,10,yes,switch,bool,1
Name,shine,living_room,2024,5,13,23,1,yes,switch,bool,-1
Name,shine,living_room,2024,5,14,6,4,yes,switch,bool,1
Name,shine,living_room,2024,5,14,6,37,yes,switch,bool,-1
Name,shine,living_room,2024,5,14,18,4,yes,switch,bool,1
Name,shine,living_room,2024,5,14,22,47,yes,switch,bool,-1
Name,shine,living_room,2024,5,15,6,12,yes,switch,bool,1
Name,shine,living_room,2024,5,15,6,40,yes,switch,bool,-1
Name,shine,living_room,2024,5,15,17,43,yes,switch,bool,1
Name,shine,living_room,2024,5,15,22,50,yes,switch,bool,-1
Name,shine,living_room,2024,5,16,6,0,yes,switch,bool,1
Name,shine,living_room,2024,5,16,6,41,yes,switch,bool,-1
Name,shine,living_room,2024,5,16,17,48,yes,switch,bool,1
Name,shine,living_room,2024,5,16,22,50,yes,switch,bool,-1
Name,shine,living_room,2024,5,17,6,1,yes,switch,bool,1
Name,shine,living_room,2024,5,17,6,37,yes,switch,bool,-1
Name,shine,living_room,2024,5,17,17,48,yes,switch,bool,1
Name,shine,living_room,2024,5,17,22,51,yes,switch,bool,-1
Name,shine,living_room,2024,5,18,6,6,yes,switch,bool,1
Name,shine,living_room,2024,5,18,6,39,yes,switch,bool,-1
Name,shine,living_room,2024,5,18,17,49,yes,switch,bool,1
Name,shine,living_room,2024,5,18,22,59,yes,switch,bool,-1
Name,shine,living_room,2024,5,19,6,17,yes,switch,bool,1
Name,shine,living_room,2024,5,19,6,49,yes,switch,bool,-1
Name,shine,living_room,2024,5,19,17,50,yes,switch,bool,1
Name,shine,living_room,2024,5,19,22,32,yes,switch,bool,-1
Name,shine,living_room,2024,5,20,6,4,yes,switch,bool,1
Name,shine,living_room,2024,5,20,6,56,yes,switch,bool,-1
Name,shine,living_room,2024,5,20,18,2,yes,switch,bool,1
Name,shine,living_room,2024,5,20,22,32,yes,switch,bool,-1
Name,shine,living_room,2024,5,21,6,14,yes,switch,bool,1
Name,shine,living_room,2024,5,21,6,43,yes,switch,bool,-1
Name,shine,living_room,2024,5,21,18,1,yes,switch,bool,1
Name,shine,living_room,2024,5,21,22,42,yes,switch,bool,-1
Name,shine,living_room,2024,5,22,6,5,yes,switch,bool,1
Name,shine,living_room,2024,5,22,6,43,yes,switch,bool,-1
Name,shine,living_room,2024,5,22,18,0,yes,switch,bool,1
Name,shine,living_room,2024,5,22,22,21,yes,switch,bool,-1
Name,shine,living_room,2024,5,23,6,6,yes,switch,bool,1
Name,shine,living_room,2024,5,23,6,56,yes,switch,bool,-1
Name,shine,living_room,2024,5,23,17,43,yes,switch,bool,1
Name,shine,living_room,2024,5,23,22,31,yes,switch,bool,-1
Name,shine,living_room,2024,5,24,6,17,yes,switch,bool,1
Name,shine,living_room,2024,5,24,6,42,yes,switch,bool,-1
Name,shine,living_room,2024,5,24,17,48,yes,switch,bool,1
Name,shine,living_room,2024,5,24,22,42,yes,switch,bool,-1
Name,shine,living_room,2024,5,25,6,12,yes,switch,bool,1
Name,shine,living_room,2024,5,25,6,32,yes,switch,bool,-1
Name,shine,living_room,2024,5,25,17,49,yes,switch,bool,1
Name,shine,living_room,2024,5,25,22,43,yes,switch,bool,-1
Name,shine,living_room,2024,5,26,6,12,yes,switch,bool,1
Name,shine,living_room,2024,5,26,6,32,yes,switch,bool,-1
Name,shine,living_room,2024,5,26,17,49,yes,switch,bool,1
Name,shine,living_room,2024,5,26,22,43,yes,switch,bool,-1
Name,shine,living_room,2024,5,27,6,10,yes,switch,bool,1
Name,shine,living_room,2024,5,27,6,48,yes,switch,bool,-1
Name,shine,living_room,2024,5,27,17,55,yes,switch,bool,1
Name,shine,living_room,2024,5,27,22,35,yes,switch,bool,-1
Name,shine,living_room,2024,5,28,6,4,yes,switch,bool,1
Name,shine,living_room,2024,5,28,6,49,yes,switch,bool,-1
Name,shine,living_room,2024,5,28,17,42,yes,switch,bool,1
Name,shine,living_room,2024,5,28,22,30,yes,switch,bool,-1
Name,shine,living_room,2024,5,29,6,5,yes,switch,bool,1
Name,shine,living_room,2024,5,29,6,55,yes,switch,bool,-1
Name,shine,living_room,2024,5,29,17,55,yes,switch,bool,1
Name,shine,living_room,2024,5,29,22,49,yes,switch,bool,-1
Name,shine,living_room,2024,5,30,6,5,yes,switch,bool,1
Name,shine,living_room,2024,5,30,6,55,yes,switch,bool,-1
Name,shine,living_room,2024,5,30,17,55,yes,switch,bool,1
Name,shine,living_room,2024,5,30,22,49,yes,switch,bool,-1
Name,shine,living_room,2024,6,1,6,5,yes,switch,bool,1
Name,shine,living_room,2024,6,1,7,5,yes,switch,bool,-1
Name,shine,living_room,2024,6,1,18,5,yes,switch,bool,1
Air,temp,bedroom,2024,6,1,18,6,yes,temp,float,0.785714286
Name,shine,living_room,2024,6,1,22,45,yes,switch,bool,-1
Name,shine,living_room,2024,6,2,6,7,yes,switch,bool,1
Air,temp,bedroom,2024,6,2,6,8,yes,switch,bool,-1
Name,shine,living_room,2024,6,2,6,42,yes,switch,bool,-1
Name,shine,living_room,2024,6,2,17,50,yes,switch,bool,1
Air,temp,bedroom,2024,6,2,17,51,yes,temp,float,0.785714286
Name,shine,living_room,2024,6,2,22,41,yes,switch,bool,-1
Name,shine,living_room,2024,6,3,6,8,yes,switch,bool,1
Air,temp,bedroom,2024,6,3,6,8,yes,switch,bool,-1
Name,shine,living_room,2024,6,3,6,44,yes,switch,bool,-1
Name,shine,living_room,2024,6,3,18,5,yes,switch,bool,1
Air,temp,bedroom,2024,6,3,18,5,yes,temp,float,0.785714286
Name,shine,living_room,2024,6,3,22,55,yes,switch,bool,-1
Name,shine,living_room,2024,6,4,6,10,yes,switch,bool,1
Air,temp,bedroom,2024,6,4,6,10,yes,switch,bool,-1
Name,shine,living_room,2024,6,4,6,52,yes,switch,bool,-1
Name,shine,living_room,2024,6,4,17,47,yes,switch,bool,1
Air,temp,bedroom,2024,6,4,17,48,yes,temp,float,0.785714286
Name,shine,living_room,2024,6,4,22,45,yes,switch,bool,-1
Name,shine,living_room,2024,6,5,6,10,yes,switch,bool,1
Air,temp,bedroom,2024,6,5,6,10,yes,switch,bool,-1
Name,shine,living_room,2024,6,5,6,52,yes,switch,bool,-1
Name,shine,living_room,2024,6,5,17,47,yes,switch,bool,1
Air,temp,bedroom,2024,6,5,17,48,yes,temp,float,0.785714286
Name,shine,living_room,2024,6,5,22,45,yes,switch,bool,-1
Name,shine,living_room,2024,6,6,6,1,yes,switch,bool,1
Air,temp,bedroom,2024,6,6,6,1,yes,switch,bool,-1
Name,shine,living_room,2024,6,6,6,51,yes,switch,bool,-1
Name,shine,living_room,2024,6,6,18,1,yes,switch,bool,1
Air,temp,bedroom,2024,6,6,18,2,yes,temp,float,0.785714286
Name,shine,living_room,2024,6,6,22,31,yes,switch,bool,-1
Name,shine,living_room,2024,6,7,6,5,yes,switch,bool,1
Air,temp,bedroom,2024,6,7,6,5,yes,switch,bool,-1
Name,shine,living_room,2024,6,7,6,42,yes,switch,bool,-1
Name,shine,living_room,2024,6,7,18,3,yes,switch,bool,1
Air,temp,bedroom,2024,6,7,18,3,yes,temp,float,0.785714286
Name,shine,living_room,2024,6,7,22,42,yes,switch,bool,-1
Name,shine,living_room,2024,6,8,6,5,yes,switch,bool,1
Air,temp,bedroom,2024,6,8,6,5,yes,switch,bool,-1
Name,shine,living_room,2024,6,8,6,42,yes,switch,bool,-1
Name,shine,living_room,2024,6,8,18,3,yes,switch,bool,1
Air,temp,bedroom,2024,6,8,18,3,yes,temp,float,0.785714286
Name,shine,living_room,2024,6,8,22,42,yes,switch,bool,-1
Name,shine,living_room,2024,6,9,6,5,yes,switch,bool,1
Air,temp,bedroom,2024,6,9,6,5,yes,switch,bool,-1
Name,shine,living_room,2024,6,9,6,42,yes,switch,bool,-1
Name,shine,living_room,2024,6,9,18,3,yes,switch,bool,1
Air,temp,bedroom,2024,6,9,18,3,yes,temp,float,0.785714286
Name,shine,living_room,2024,6,9,22,42,yes,switch,bool,-1
Name,shine,living_room,2024,6,10,6,5,yes,switch,bool,1
Air,temp,bedroom,2024,6,10,6,5,yes,switch,bool,-1
Name,shine,living_room,2024,6,10,6,42,yes,switch,bool,-1
Name,shine,living_room,2024,6,10,18,3,yes,switch,bool,1
Air,temp,bedroom,2024,6,10,18,3,yes,temp,float,0.785714286
Name,shine,living_room,2024,6,10,22,42,yes,switch,bool,-1
Name,shine,living_room,2024,6,11,6,5,yes,switch,bool,1
Air,temp,bedroom,2024,6,11,6,5,yes,switch,bool,-1
Name,shine,living_room,2024,6,11,6,42,yes,switch,bool,-1
Name,shine,living_room,2024,6,11,18,3,yes,switch,bool,1
Air,temp,bedroom,2024,6,11,18,3,yes,temp,float,0.785714286
Name,shine,living_room,2024,6,11,22,42,yes,switch,bool,-1
Name,shine,living_room,2024,6,12,6,5,yes,switch,bool,1
Air,temp,bedroom,2024,6,12,6,5,yes,switch,bool,-1
Name,shine,living_room,2024,6,12,6,42,yes,switch,bool,-1
Name,shine,living_room,2024,6,12,18,3,yes,switch,bool,1
Air,temp,bedroom,2024,6,12,18,3,yes,temp,float,0.785714286
Name,shine,living_room,2024,6,12,22,42,yes,switch,bool,-1
Name,shine,living_room,2024,6,13,6,5,yes,switch,bool,1
Air,temp,bedroom,2024,6,13,6,5,yes,switch,bool,-1
Name,shine,living_room,2024,6,13,6,42,yes,switch,bool,-1
Name,shine,living_room,2024,6,13,18,3,yes,switch,bool,1
Air,temp,bedroom,2024,6,13,18,3,yes,temp,float,0.785714286
Name,shine,living_room,2024,6,13,22,42,yes,switch,bool,-1
Name,shine,living_room,2024,6,14,6,5,yes,switch,bool,1
Air,temp,bedroom,2024,6,14,6,5,yes,switch,bool,-1
Name,shine,living_room,2024,6,14,6,42,yes,switch,bool,-1
Name,shine,living_room,2024,6,14,18,3,yes,switch,bool,1
Air,temp,bedroom,2024,6,14,18,3,yes,temp,float,0.785714286
Name,shine,living_room,2024,6,14,22,42,yes,switch,bool,-1
Name,shine,living_room,2024,6,15,6,5,yes,switch,bool,1
Air,temp,bedroom,2024,6,15,6,5,yes,switch,bool,-1
Name,shine,living_room,2024,6,15,6,42,yes,switch,bool,-1
Name,shine,living_room,2024,6,15,18,3,yes,switch,bool,1
Air,temp,bedroom,2024,6,15,18,3,yes,temp,float,0.785714286
Name,shine,living_room,2024,6,15,22,42,yes,switch,bool,-1
Name,shine,living_room,2024,6,16,6,5,yes,switch,bool,1
Air,temp,bedroom,2024,6,16,6,5,yes,switch,bool,-1
Name,shine,living_room,2024,6,16,6,42,yes,switch,bool,-1
Name,shine,living_room,2024,6,16,18,3,yes,switch,bool,1
Air,temp,bedroom,2024,6,16,18,3,yes,temp,float,0.785714286
Name,shine,living_room,2024,6,16,22,42,yes,switch,bool,-1
Name,shine,living_room,2024,6,17,6,5,yes,switch,bool,1
Air,temp,bedroom,2024,6,17,6,5,yes,switch,bool,-1
Name,shine,living_room,2024,6,17,6,42,yes,switch,bool,-1
Name,shine,living_room,2024,6,17,18,3,yes,switch,bool,1
Air,temp,bedroom,2024,6,17,18,3,yes,temp,float,0.785714286
Name,shine,living_room,2024,6,17,22,42,yes,switch,bool,-1
Name,shine,living_room,2024,6,18,6,5,yes,switch,bool,1
Air,temp,bedroom,2024,6,18,6,5,yes,switch,bool,-1
Name,shine,living_room,2024,6,18,6,42,yes,switch,bool,-1
Name,shine,living_room,2024,6,18,18,3,yes,switch,bool,1
Air,temp,bedroom,2024,6,18,18,3,yes,temp,float,0.785714286
Name,shine,living_room,2024,6,18,22,42,yes,switch,bool,-1
Name,shine,living_room,2024,6,19,6,5,yes,switch,bool,1
Air,temp,bedroom,2024,6,19,6,5,yes,switch,bool,-1
Name,shine,living_room,2024,6,19,6,42,yes,switch,bool,-1
Name,shine,living_room,2024,6,19,18,3,yes,switch,bool,1
Air,temp,bedroom,2024,6,19,18,3,yes,temp,float,0.785714286
Name,shine,living_room,2024,6,19,22,42,yes,switch,bool,-1
Name,shine,living_room,2024,6,20,6,5,yes,switch,bool,1
Air,temp,bedroom,2024,6,20,6,5,yes,switch,bool,-1
Name,shine,living_room,2024,6,20,6,42,yes,switch,bool,-1
Name,shine,living_room,2024,6,20,18,3,yes,switch,bool,1
Air,temp,bedroom,2024,6,20,18,3,yes,temp,float,0.785714286
Name,shine,living_room,2024,6,20,22,42,yes,switch,bool,-1
Name,shine,living_room,2024,6,21,6,5,yes,switch,bool,1
Air,temp,bedroom,2024,6,21,6,5,yes,switch,bool,-1
Name,shine,living_room,2024,6,21,6,42,yes,switch,bool,-1
Name,shine,living_room,2024,6,21,18,3,yes,switch,bool,1
Air,temp,bedroom,2024,6,21,18,3,yes,temp,float,0.785714286
Name,shine,living_room,2024,6,21,22,42,yes,switch,bool,-1
Name,shine,living_room,2024,6,22,6,5,yes,switch,bool,1
Air,temp,bedroom,2024,6,22,6,5,yes,switch,bool,-1
Name,shine,living_room,2024,6,22,6,42,yes,switch,bool,-1
Name,shine,living_room,2024,6,22,18,3,yes,switch,bool,1
Air,temp,bedroom,2024,6,22,18,3,yes,temp,float,0.785714286
Name,shine,living_room,2024,6,22,22,42,yes,switch,bool,-1
Name,shine,living_room,2024,6,23,6,5,yes,switch,bool,1
Air,temp,bedroom,2024,6,23,6,5,yes,switch,bool,-1
Name,shine,living_room,2024,6,23,6,42,yes,switch,bool,-1
Name,shine,living_room,2024,6,23,18,3,yes,switch,bool,1
Air,temp,bedroom,2024,6,23,18,3,yes,temp,float,0.785714286
Name,shine,living_room,2024,6,23,22,42,yes,switch,bool,-1
Name,shine,living_room,2024,6,24,6,5,yes,switch,bool,1
Air,temp,bedroom,2024,6,24,6,5,yes,switch,bool,-1
Name,shine,living_room,2024,6,24,6,42,yes,switch,bool,-1
Name,shine,living_room,2024,6,24,18,3,yes,switch,bool,1
Air,temp,bedroom,2024,6,24,18,3,yes,temp,float,0.785714286
Name,shine,living_room,2024,6,24,22,42,yes,switch,bool,-1
Name,shine,living_room,2024,6,25,6,5,yes,switch,bool,1
Air,temp,bedroom,2024,6,25,6,5,yes,switch,bool,-1
Name,shine,living_room,2024,6,25,6,42,yes,switch,bool,-1
Name,shine,living_room,2024,6,25,18,3,yes,switch,bool,1
Air,temp,bedroom,2024,6,25,18,3,yes,temp,float,0.785714286
Name,shine,living_room,2024,6,25,22,42,yes,switch,bool,-1
Name,shine,living_room,2024,6,26,6,5,yes,switch,bool,1
Air,temp,bedroom,2024,6,26,6,5,yes,switch,bool,-1
Name,shine,living_room,2024,6,26,6,42,yes,switch,bool,-1
Name,shine,living_room,2024,6,26,18,3,yes,switch,bool,1
Air,temp,bedroom,2024,6,26,18,3,yes,temp,float,0.785714286
Name,shine,living_room,2024,6,26,22,42,yes,switch,bool,-1
Name,shine,living_room,2024,6,27,6,5,yes,switch,bool,1
Air,temp,bedroom,2024,6,27,6,5,yes,switch,bool,-1
Name,shine,living_room,2024,6,27,6,42,yes,switch,bool,-1
Name,shine,living_room,2024,6,27,18,3,yes,switch,bool,1
Air,temp,bedroom,2024,6,27,18,3,yes,temp,float,0.785714286
Name,shine,living_room,2024,6,27,22,42,yes,switch,bool,-1
Name,shine,living_room,2024,6,28,6,5,yes,switch,bool,1
Air,temp,bedroom,2024,6,28,6,5,yes,switch,bool,-1
Name,shine,living_room,2024,6,28,6,42,yes,switch,bool,-1
Name,shine,living_room,2024,6,28,18,3,yes,switch,bool,1
Air,temp,bedroom,2024,6,28,18,3,yes,temp,float,0.785714286
Name,shine,living_room,2024,6,28,22,42,yes,switch,bool,-1
Name,shine,living_room,2024,6,29,6,5,yes,switch,bool,1
Air,temp,bedroom,2024,6,29,6,5,yes,switch,bool,-1
Name,shine,living_room,2024,6,29,6,42,yes,switch,bool,-1
Name,shine,living_room,2024,6,29,18,3,yes,switch,bool,1
Air,temp,bedroom,2024,6,29,18,3,yes,temp,float,0.785714286
Name,shine,living_room,2024,6,29,22,42,yes,switch,bool,-1
Name,shine,living_room,2024,6,30,6,5,yes,switch,bool,1
Air,temp,bedroom,2024,6,30,6,5,yes,switch,bool,-1
Name,shine,living_room,2024,6,30,6,42,yes,switch,bool,-1
Name,shine,living_room,2024,6,30,18,3,yes,switch,bool,1
Air,temp,bedroom,2024,6,30,18,3,yes,temp,float,0.785714286
Name,shine,living_room,2024,6,30,22,42,yes,switch,bool,-1
Name,shine,living_room,2024,6,31,6,5,yes,switch,bool,1
Air,temp,bedroom,2024,6,31,6,5,yes,switch,bool,-1
Name,shine,living_room,2024,6,31,6,42,yes,switch,bool,-1
Name,shine,living_room,2024,6,31,18,3,yes,switch,bool,1
Air,temp,bedroom,2024,6,31,18,3,yes,temp,float,0.785714286
Name,shine,living_room,2024,6,31,22,42,yes,switch,bool,-1
Name,shine,living_room,2024,7,1,6,5,yes,switch,bool,1
Air,temp,bedroom,2024,7,1,6,5,yes,switch,bool,-1
Name,shine,living_room,2024,7,1,6,42,yes,switch,bool,-1
Name,shine,living_room,2024,7,1,18,3,yes,switch,bool,1
Air,temp,bedroom,2024,7,1,18,3,yes,temp,float,0.785714286
Name,shine,living_room,2024,7,1,22,42,yes,switch,bool,-1
Name,shine,living_room,2024,7,2,6,7,yes,switch,bool,1
Air,temp,bedroom,2024,7,2,6,8,yes,switch,bool,-1
Name,shine,living_room,2024,7,2,6,42,yes,switch,bool,-1
Name,shine,living_room,2024,7,2,17,50,yes,switch,bool,1
Air,temp,bedroom,2024,7,2,17,51,yes,temp,float,0.785714286
Name,shine,living_room,2024,7,2,22,41,yes,switch,bool,-1
Name,shine,living_room,2024,7,3,6,8,yes,switch,bool,1
Air,temp,bedroom,2024,7,3,6,8,yes,switch,bool,-1
Name,shine,living_room,2024,7,3,6,44,yes,switch,bool,-1
Name,shine,living_room,2024,7,3,18,5,yes,switch,bool,1
Air,temp,bedroom,2024,7,3,18,5,yes,temp,float,0.785714286
Name,shine,living_room,2024,7,3,22,55,yes,switch,bool,-1
Name,shine,living_room,2024,7,4,6,10,yes,switch,bool,1
Air,temp,bedroom,2024,7,4,6,10,yes,switch,bool,-1
Name,shine,living_room,2024,7,4,6,52,yes,switch,bool,-1
Name,shine,living_room,2024,7,4,17,47,yes,switch,bool,1
Air,temp,bedroom,2024,7,4,17,48,yes,temp,float,0.785714286
Name,shine,living_room,2024,7,4,22,45,yes,switch,bool,-1
Name,shine,living_room,2024,7,5,6,10,yes,switch,bool,1
Air,temp,bedroom,2024,7,5,6,10,yes,switch,bool,-1
Name,shine,living_room,2024,7,5,6,52,yes,switch,bool,-1
Name,shine,living_room,2024,7,5,17,47,yes,switch,bool,1
Air,temp,bedroom,2024,7,5,17,48,yes,temp,float,0.785714286
Name,shine,living_room,2024,7,5,22,45,yes,switch,bool,-1
Name,shine,living_room,2024,7,6,6,1,yes,switch,bool,1
Air,temp,bedroom,2024,7,6,6,1,yes,switch,bool,-1
Name,shine,living_room,2024,7,6,6,51,yes,switch,bool,-1
Name,shine,living_room,2024,7,6,18,1,yes,switch,bool,1
Air,temp,bedroom,2024,7,6,18,2,yes,temp,float,0.785714286
Name,shine,living_room,2024,7,6,22,31,yes,switch,bool,-1
Name,shine,living_room,2024,7,7,6,5,yes,switch,bool,1
Air,temp,bedroom,2024,7,7,6,5,yes,switch,bool,-1
Name,shine,living_room,2024,7,7,6,42,yes,switch,bool,-1
Name,shine,living_room,2024,7,7,18,3,yes,switch,bool,1
Air,temp,bedroom,2024,7,7,18,3,yes,temp,float,0.785714286
Name,shine,living_room,2024,7,7,22,42,yes,switch,bool,-1
Name,shine,living_room,2024,7,8,6,5,yes,switch,bool,1
Air,temp,bedroom,2024,7,8,6,5,yes,switch,bool,-1
Name,shine,living_room,2024,7,8,6,42,yes,switch,bool,-1
Name,shine,living_room,2024,7,8,18,3,yes,switch,bool,1
Air,temp,bedroom,2024,7,8,18,3,yes,temp,float,0.785714286
Name,shine,living_room,2024,7,8,22,42,yes,switch,bool,-1
Name,shine,living_room,2024,7,9,6,5,yes,switch,bool,1
Air,temp,bedroom,2024,7,9,6,5,yes,switch,bool,-1
Name,shine,living_room,2024,7,9,6,42,yes,switch,bool,-1
Name,shine,living_room,2024,7,9,18,3,yes,switch,bool,1
Air,temp,bedroom,2024,7,9,18,3,yes,temp,float,0.785714286
Name,shine,living_room,2024,7,9,22,42,yes,switch,bool,-1
Name,shine,living_room,2024,7,10,6,5,yes,switch,bool,1
Air,temp,bedroom,2024,7,10,6,5,yes,switch,bool,-1
Name,shine,living_room,2024,7,10,6,42,yes,switch,bool,-1
Name,shine,living_room,2024,7,10,18,3,yes,switch,bool,1
Air,temp,bedroom,2024,7,10,18,3,yes,temp,float,0.785714286
Name,shine,living_room,2024,7,10,22,42,yes,switch,bool,-1
Name,shine,living_room,2024,7,11,6,5,yes,switch,bool,1
Air,temp,bedroom,2024,7,11,6,5,yes,switch,bool,-1
Name,shine,living_room,2024,7,11,6,42,yes,switch,bool,-1
Name,shine,living_room,2024,7,11,18,3,yes,switch,bool,1
Air,temp,bedroom,2024,7,11,18,3,yes,temp,float,0.785714286
Name,shine,living_room,2024,7,11,22,42,yes,switch,bool,-1
Name,shine,living_room,2024,7,12,6,5,yes,switch,bool,1
Air,temp,bedroom,2024,7,12,6,5,yes,switch,bool,-1
Name,shine,living_room,2024,7,12,6,42,yes,switch,bool,-1
Name,shine,living_room,2024,7,12,18,3,yes,switch,bool,1
Air,temp,bedroom,2024,7,12,18,3,yes,temp,float,0.785714286
Name,shine,living_room,2024,7,12,22,42,yes,switch,bool,-1
Name,shine,living_room,2024,7,13,6,5,yes,switch,bool,1
Air,temp,bedroom,2024,7,13,6,5,yes,switch,bool,-1
Name,shine,living_room,2024,7,13,6,42,yes,switch,bool,-1
Name,shine,living_room,2024,7,13,18,3,yes,switch,bool,1
Air,temp,bedroom,2024,7,13,18,3,yes,temp,float,0.785714286
Name,shine,living_room,2024,7,13,22,42,yes,switch,bool,-1
Name,shine,living_room,2024,7,14,6,5,yes,switch,bool,1
Air,temp,bedroom,2024,7,14,6,5,yes,switch,bool,-1
Name,shine,living_room,2024,7,14,6,42,yes,switch,bool,-1
Name,shine,living_room,2024,7,14,18,3,yes,switch,bool,1
Air,temp,bedroom,2024,7,14,18,3,yes,temp,float,0.785714286
Name,shine,living_room,2024,7,14,22,42,yes,switch,bool,-1
Name,shine,living_room,2024,7,15,6,5,yes,switch,bool,1
Air,temp,bedroom,2024,7,15,6,5,yes,switch,bool,-1
Name,shine,living_room,2024,7,15,6,42,yes,switch,bool,-1
Name,shine,living_room,2024,7,15,18,3,yes,switch,bool,1
Air,temp,bedroom,2024,7,15,18,3,yes,temp,float,0.785714286
Name,shine,living_room,2024,7,15,22,42,yes,switch,bool,-1
Name,shine,living_room,2024,7,16,6,5,yes,switch,bool,1
Air,temp,bedroom,2024,7,16,6,5,yes,switch,bool,-1
Name,shine,living_room,2024,7,16,6,42,yes,switch,bool,-1
Name,shine,living_room,2024,7,16,18,3,yes,switch,bool,1
Air,temp,bedroom,2024,7,16,18,3,yes,temp,float,0.785714286
Name,shine,living_room,2024,7,16,22,42,yes,switch,bool,-1
Name,shine,living_room,2024,7,17,6,5,yes,switch,bool,1
Air,temp,bedroom,2024,7,17,6,5,yes,switch,bool,-1
Name,shine,living_room,2024,7,17,6,42,yes,switch,bool,-1
Name,shine,living_room,2024,7,17,18,3,yes,switch,bool,1
Air,temp,bedroom,2024,7,17,18,3,yes,temp,float,0.785714286
Name,shine,living_room,2024,7,17,22,42,yes,switch,bool,-1
Name,shine,living_room,2024,7,18,6,5,yes,switch,bool,1
Air,temp,bedroom,2024,7,18,6,5,yes,switch,bool,-1
Name,shine,living_room,2024,7,18,6,42,yes,switch,bool,-1
Name,shine,living_room,2024,7,18,18,3,yes,switch,bool,1
Air,temp,bedroom,2024,7,18,18,3,yes,temp,float,0.785714286
Name,shine,living_room,2024,7,18,22,42,yes,switch,bool,-1
Name,shine,living_room,2024,7,19,6,5,yes,switch,bool,1
Air,temp,bedroom,2024,7,19,6,5,yes,switch,bool,-1
Name,shine,living_room,2024,7,19,6,42,yes,switch,bool,-1
Name,shine,living_room,2024,7,19,18,3,yes,switch,bool,1
Air,temp,bedroom,2024,7,19,18,3,yes,temp,float,0.785714286
Name,shine,living_room,2024,7,19,22,42,yes,switch,bool,-1
Name,shine,living_room,2024,7,20,6,5,yes,switch,bool,1
Air,temp,bedroom,2024,7,20,6,5,yes,switch,bool,-1
Name,shine,living_room,2024,7,20,6,42,yes,switch,bool,-1
Name,shine,living_room,2024,7,20,18,3,yes,switch,bool,1
Air,temp,bedroom,2024,7,20,18,3,yes,temp,float,0.785714286
Name,shine,living_room,2024,7,20,22,42,yes,switch,bool,-1
Name,shine,living_room,2024,7,21,6,5,yes,switch,bool,1
Air,temp,bedroom,2024,7,21,6,5,yes,switch,bool,-1
Name,shine,living_room,2024,7,21,6,42,yes,switch,bool,-1
Name,shine,living_room,2024,7,21,18,3,yes,switch,bool,1
Air,temp,bedroom,2024,7,21,18,3,yes,temp,float,0.785714286
Name,shine,living_room,2024,7,21,22,42,yes,switch,bool,-1
Name,shine,living_room,2024,7,22,6,5,yes,switch,bool,1
Air,temp,bedroom,2024,7,22,6,5,yes,switch,bool,-1
Name,shine,living_room,2024,7,22,6,42,yes,switch,bool,-1
Name,shine,living_room,2024,7,22,18,3,yes,switch,bool,1
Air,temp,bedroom,2024,7,22,18,3,yes,temp,float,0.785714286
Name,shine,living_room,2024,7,22,22,42,yes,switch,bool,-1
Name,shine,living_room,2024,7,23,6,5,yes,switch,bool,1
Air,temp,bedroom,2024,7,23,6,5,yes,switch,bool,-1
Name,shine,living_room,2024,7,23,6,42,yes,switch,bool,-1
Name,shine,living_room,2024,7,23,18,3,yes,switch,bool,1
Air,temp,bedroom,2024,7,23,18,3,yes,temp,float,0.785714286
Name,shine,living_room,2024,7,23,22,42,yes,switch,bool,-1
Name,shine,living_room,2024,7,24,6,5,yes,switch,bool,1
Air,temp,bedroom,2024,7,24,6,5,yes,switch,bool,-1
Name,shine,living_room,2024,7,24,6,42,yes,switch,bool,-1
Name,shine,living_room,2024,7,24,18,3,yes,switch,bool,1
Air,temp,bedroom,2024,7,24,18,3,yes,temp,float,0.785714286
Name,shine,living_room,2024,7,24,22,42,yes,switch,bool,-1
Name,shine,living_room,2024,7,25,6,5,yes,switch,bool,1
Air,temp,bedroom,2024,7,25,6,5,yes,switch,bool,-1
Name,shine,living_room,2024,7,25,6,42,yes,switch,bool,-1
Name,shine,living_room,2024,7,25,18,3,yes,switch,bool,1
Air,temp,bedroom,2024,7,25,18,3,yes,temp,float,0.785714286
Name,shine,living_room,2024,7,25,22,42,yes,switch,bool,-1
Name,shine,living_room,2024,7,26,6,5,yes,switch,bool,1
Air,temp,bedroom,2024,7,26,6,5,yes,switch,bool,-1
Name,shine,living_room,2024,7,26,6,42,yes,switch,bool,-1
Name,shine,living_room,2024,7,26,18,3,yes,switch,bool,1
Air,temp,bedroom,2024,7,26,18,3,yes,temp,float,0.785714286
Name,shine,living_room,2024,7,26,22,42,yes,switch,bool,-1
Name,shine,living_room,2024,7,27,6,5,yes,switch,bool,1
Air,temp,bedroom,2024,7,27,6,5,yes,switch,bool,-1
Name,shine,living_room,2024,7,27,6,42,yes,switch,bool,-1
Name,shine,living_room,2024,7,27,18,3,yes,switch,bool,1
Air,temp,bedroom,2024,7,27,18,3,yes,temp,float,0.785714286
Name,shine,living_room,2024,7,27,22,42,yes,switch,bool,-1
Name,shine,living_room,2024,7,28,6,5,yes,switch,bool,1
Air,temp,bedroom,2024,7,28,6,5,yes,switch,bool,-1
Name,shine,living_room,2024,7,28,6,42,yes,switch,bool,-1
Name,shine,living_room,2024,7,28,18,3,yes,switch,bool,1
Air,temp,bedroom,2024,7,28,18,3,yes,temp,float,0.785714286
Name,shine,living_room,2024,7,28,22,42,yes,switch,bool,-1
Name,shine,living_room,2024,7,29,6,5,yes,switch,bool,1
Air,temp,bedroom,2024,7,29,6,5,yes,switch,bool,-1
Name,shine,living_room,2024,7,29,6,42,yes,switch,bool,-1
Name,shine,living_room,2024,7,29,18,3,yes,switch,bool,1
Air,temp,bedroom,2024,7,29,18,3,yes,temp,float,0.785714286
Name,shine,living_room,2024,7,29,22,42,yes,switch,bool,-1
Name,shine,living_room,2024,7,30,6,5,yes,switch,bool,1
Air,temp,bedroom,2024,7,30,6,5,yes,switch,bool,-1
Name,shine,living_room,2024,7,30,6,42,yes,switch,bool,-1
Name,shine,living_room,2024,7,30,18,3,yes,switch,bool,1
Air,temp,bedroom,2024,7,30,18,3,yes,temp,float,0.785714286
Name,shine,living_room,2024,7,30,22,42,yes,switch,bool,-1
Name,shine,living_room,2024,7,31,6,5,yes,switch,bool,1
Air,temp,bedroom,2024,7,31,6,5,yes,switch,bool,-1
Name,shine,living_room,2024,7,31,6,42,yes,switch,bool,-1
Name,shine,living_room,2024,7,31,18,3,yes,switch,bool,1
Air,temp,bedroom,2024,7,31,18,3,yes,temp,float,0.785714286
Name,shine,living_room,2024,7,31,22,42,yes,switch,bool,-1
Name,shine,living_room,2024,8,1,6,3,yes,switch,bool,-1
Air,temp,bedroom,2024,8,1,18,3,yes,switch,bool,-1
Name,shine,living_room,2024,8,1,6,39,yes,switch,bool,-1
Name,shine,living_room,2024,8,1,18,10,yes,switch,bool,1
Name,shine,living_room,2024,8,1,23,10,yes,switch,bool,-1
Name,shine,living_room,2024,8,2,6,3,yes,switch,bool,1
Name,shine,living_room,2024,8,2,6,39,yes,switch,bool,-1
Name,shine,living_room,2024,8,2,18,10,yes,switch,bool,1
Name,shine,living_room,2024,8,2,23,10,yes,switch,bool,-1
Name,shine,living_room,2024,8,3,6,3,yes,switch,bool,1
Name,shine,living_room,2024,8,3,6,39,yes,switch,bool,-1
Name,shine,living_room,2024,8,3,18,10,yes,switch,bool,1
Name,shine,living_room,2024,8,3,23,10,yes,switch,bool,-1
Name,shine,living_room,2024,8,4,6,3,yes,switch,bool,1
Name,shine,living_room,2024,8,4,6,39,yes,switch,bool,-1
Name,shine,living_room,2024,8,4,18,10,yes,switch,bool,1
Name,shine,living_room,2024,8,4,23,10,yes,switch,bool,-1
Name,shine,living_room,2024,8,5,6,3,yes,switch,bool,1
Name,shine,living_room,2024,8,5,6,39,yes,switch,bool,-1
Name,shine,living_room,2024,8,5,18,10,yes,switch,bool,1
Name,shine,living_room,2024,8,5,23,10,yes,switch,bool,-1
Name,shine,living_room,2024,8,6,6,3,yes,switch,bool,1
Name,shine,living_room,2024,8,6,6,39,yes,switch,bool,-1
Name,shine,living_room,2024,8,6,18,10,yes,switch,bool,1
Name,shine,living_room,2024,8,6,23,10,yes,switch,bool,-1
Name,shine,living_room,2024,8,7,6,3,yes,switch,bool,1
Name,shine,living_room,2024,8,7,6,39,yes,switch,bool,-1
Name,shine,living_room,2024,8,7,18,10,yes,switch,bool,1
Name,shine,living_room,2024,8,7,23,10,yes,switch,bool,-1
Name,shine,living_room,2024,8,8,6,3,yes,switch,bool,1
Name,shine,living_room,2024,8,8,6,39,yes,switch,bool,-1
Name,shine,living_room,2024,8,8,18,10,yes,switch,bool,1
Name,shine,living_room,2024,8,8,23,10,yes,switch,bool,-1
Name,shine,living_room,2024,8,9,6,3,yes,switch,bool,1
Name,shine,living_room,2024,8,9,6,39,yes,switch,bool,-1
Name,shine,living_room,2024,8,9,18,10,yes,switch,bool,1
Name,shine,living_room,2024,8,9,23,10,yes,switch,bool,-1
Name,shine,living_room,2024,8,10,6,3,yes,switch,bool,1
Name,shine,living_room,2024,8,10,6,39,yes,switch,bool,-1
Name,shine,living_room,2024,8,10,18,10,yes,switch,bool,1
Name,shine,living_room,2024,8,10,23,10,yes,switch,bool,-1
Name,shine,living_room,2024,8,11,6,3,yes,switch,bool,1
Name,shine,living_room,2024,8,11,6,39,yes,switch,bool,-1
Name,shine,living_room,2024,8,11,18,10,yes,switch,bool,1
Name,shine,living_room,2024,8,11,23,10,yes,switch,bool,-1
Name,shine,living_room,2024,8,12,6,3,yes,switch,bool,1
Name,shine,living_room,2024,8,12,6,39,yes,switch,bool,-1
Name,shine,living_room,2024,8,12,18,10,yes,switch,bool,1
Name,shine,living_room,2024,8,12,23,10,yes,switch,bool,-1
Name,shine,living_room,2024,8,13,6,3,yes,switch,bool,1
Name,shine,living_room,2024,8,13,6,39,yes,switch,bool,-1
Name,shine,living_room,2024,8,13,18,10,yes,switch,bool,1
Name,shine,living_room,2024,8,13,23,10,yes,switch,bool,-1
Name,shine,living_room,2024,8,14,6,3,yes,switch,bool,1
Name,shine,living_room,2024,8,14,6,39,yes,switch,bool,-1
Name,shine,living_room,2024,8,14,18,10,yes,switch,bool,1
Name,shine,living_room,2024,8,14,23,10,yes,switch,bool,-1
Name,shine,living_room,2024,8,15,6,3,yes,switch,bool,1
Name,shine,living_room,2024,8,15,6,39,yes,switch,bool,-1
Name,shine,living_room,2024,8,15,18,10,yes,switch,bool,1
Name,shine,living_room,2024,8,15,23,10,yes,switch,bool,-1
Name,shine,living_room,2024,8,16,6,3,yes,switch,bool,1
Name,shine,living_room,2024,8,16,6,39,yes,switch,bool,-1
Name,shine,living_room,2024,8,16,18,10,yes,switch,bool,1
Name,shine,living_room,2024,8,16,23,10,yes,switch,bool,-1
Name,shine,living_room,2024,8,17,6,3,yes,switch,bool,1
Name,shine,living_room,2024,8,17,6,39,yes,switch,bool,-1
Name,shine,living_room,2024,8,17,18,10,yes,switch,bool,1
Name,shine,living_room,2024,8,17,23,10,yes,switch,bool,-1
Name,shine,living_room,2024,8,18,6,3,yes,switch,bool,1
Name,shine,living_room,2024,8,18,6,39,yes,switch,bool,-1
Name,shine,living_room,2024,8,18,18,10,yes,switch,bool,1
Name,shine,living_room,2024,8,18,23,10,yes,switch,bool,-1
Name,shine,living_room,2024,8,19,6,3,yes,switch,bool,1
Name,shine,living_room,2024,8,19,6,39,yes,switch,bool,-1
Name,shine,living_room,2024,8,19,18,10,yes,switch,bool,1
Name,shine,living_room,2024,8,19,23,10,yes,switch,bool,-1
Name,shine,living_room,2024,8,20,6,3,yes,switch,bool,1
Name,shine,living_room,2024,8,20,6,39,yes,switch,bool,-1
Name,shine,living_room,2024,8,20,18,10,yes,switch,bool,1
Name,shine,living_room,2024,8,20,23,10,yes,switch,bool,-1
Name,shine,living_room,2024,8,21,6,3,yes,switch,bool,1
Name,shine,living_room,2024,8,21,6,39,yes,switch,bool,-1
Name,shine,living_room,2024,8,21,18,10,yes,switch,bool,1
Name,shine,living_room,2024,8,21,23,10,yes,switch,bool,-1
Name,shine,living_room,2024,8,22,6,3,yes,switch,bool,1
Name,shine,living_room,2024,8,22,6,39,yes,switch,bool,-1
Name,shine,living_room,2024,8,22,18,10,yes,switch,bool,1
Name,shine,living_room,2024,8,22,23,10,yes,switch,bool,-1
Name,shine,living_room,2024,8,23,6,3,yes,switch,bool,1
Name,shine,living_room,2024,8,23,6,39,yes,switch,bool,-1
Name,shine,living_room,2024,8,23,18,10,yes,switch,bool,1
Name,shine,living_room,2024,8,23,23,10,yes,switch,bool,-1
Name,shine,living_room,2024,8,24,6,3,yes,switch,bool,1
Name,shine,living_room,2024,8,24,6,39,yes,switch,bool,-1
Name,shine,living_room,2024,8,24,18,10,yes,switch,bool,1
Name,shine,living_room,2024,8,24,23,10,yes,switch,bool,-1
Name,shine,living_room,2024,8,25,6,3,yes,switch,bool,1
Name,shine,living_room,2024,8,25,6,39,yes,switch,bool,-1
Name,shine,living_room,2024,8,25,18,10,yes,switch,bool,1
Name,shine,living_room,2024,8,25,23,10,yes,switch,bool,-1
Name,shine,living_room,2024,8,26,6,3,yes,switch,bool,1
Name,shine,living_room,2024,8,26,6,39,yes,switch,bool,-1
Name,shine,living_room,2024,8,26,18,10,yes,switch,bool,1
Name,shine,living_room,2024,8,26,23,10,yes,switch,bool,-1
Name,shine,living_room,2024,8,27,6,3,yes,switch,bool,1
Name,shine,living_room,2024,8,27,6,39,yes,switch,bool,-1
Name,shine,living_room,2024,8,27,18,10,yes,switch,bool,1
Name,shine,living_room,2024,8,27,23,10,yes,switch,bool,-1
Name,shine,living_room,2024,8,28,6,3,yes,switch,bool,1
Name,shine,living_room,2024,8,28,6,39,yes,switch,bool,-1
Name,shine,living_room,2024,8,28,18,10,yes,switch,bool,1
Name,shine,living_room,2024,8,28,23,10,yes,switch,bool,-1
Name,shine,living_room,2024,8,29,6,3,yes,switch,bool,1
Name,shine,living_room,2024,8,29,6,39,yes,switch,bool,-1
Name,shine,living_room,2024,8,29,18,10,yes,switch,bool,1
Name,shine,living_room,2024,8,29,23,10,yes,switch,bool,-1
Name,shine,living_room,2024,8,30,6,3,yes,switch,bool,1
Name,shine,living_room,2024,8,30,6,39,yes,switch,bool,-1
Name,shine,living_room,2024,8,30,18,10,yes,switch,bool,1
Name,shine,living_room,2024,8,30,23,10,yes,switch,bool,-1
Name,shine,living_room,2024,9,1,6,3,yes,switch,bool,-1
Air,temp,bedroom,2024,9,1,18,3,yes,switch,bool,-1
Name,shine,living_room,2024,9,1,6,39,yes,switch,bool,-1
Name,shine,living_room,2024,9,1,18,10,yes,switch,bool,1
Name,shine,living_room,2024,9,1,23,10,yes,switch,bool,-1
Name,shine,living_room,2024,9,2,6,3,yes,switch,bool,1
Name,shine,living_room,2024,9,2,6,39,yes,switch,bool,-1
Name,shine,living_room,2024,9,2,18,10,yes,switch,bool,1
Name,shine,living_room,2024,9,2,23,10,yes,switch,bool,-1
Name,shine,living_room,2024,9,3,6,3,yes,switch,bool,1
Name,shine,living_room,2024,9,3,6,39,yes,switch,bool,-1
Name,shine,living_room,2024,9,3,18,10,yes,switch,bool,1
Name,shine,living_room,2024,9,3,23,10,yes,switch,bool,-1
Name,shine,living_room,2024,9,4,6,3,yes,switch,bool,1
Name,shine,living_room,2024,9,4,6,39,yes,switch,bool,-1
Name,shine,living_room,2024,9,4,18,10,yes,switch,bool,1
Name,shine,living_room,2024,9,4,23,10,yes,switch,bool,-1
Name,shine,living_room,2024,9,5,6,3,yes,switch,bool,1
Name,shine,living_room,2024,9,5,6,39,yes,switch,bool,-1
Name,shine,living_room,2024,9,5,18,10,yes,switch,bool,1
Name,shine,living_room,2024,9,5,23,10,yes,switch,bool,-1
Name,shine,living_room,2024,9,6,6,3,yes,switch,bool,1
Name,shine,living_room,2024,9,6,6,39,yes,switch,bool,-1
Name,shine,living_room,2024,9,6,18,10,yes,switch,bool,1
Name,shine,living_room,2024,9,6,23,10,yes,switch,bool,-1
Name,shine,living_room,2024,9,7,6,3,yes,switch,bool,1
Name,shine,living_room,2024,9,7,6,39,yes,switch,bool,-1
Name,shine,living_room,2024,9,7,18,10,yes,switch,bool,1
Name,shine,living_room,2024,9,7,23,10,yes,switch,bool,-1
Name,shine,living_room,2024,9,8,6,3,yes,switch,bool,1
Name,shine,living_room,2024,9,8,6,39,yes,switch,bool,-1
Name,shine,living_room,2024,9,8,18,10,yes,switch,bool,1
Name,shine,living_room,2024,9,8,23,10,yes,switch,bool,-1
Name,shine,living_room,2024,9,9,6,3,yes,switch,bool,1
Name,shine,living_room,2024,9,9,6,39,yes,switch,bool,-1
Name,shine,living_room,2024,9,9,18,10,yes,switch,bool,1
Name,shine,living_room,2024,9,9,23,10,yes,switch,bool,-1
Name,shine,living_room,2024,9,10,6,3,yes,switch,bool,1
Name,shine,living_room,2024,9,10,6,39,yes,switch,bool,-1
Name,shine,living_room,2024,9,10,18,10,yes,switch,bool,1
Name,shine,living_room,2024,9,10,23,10,yes,switch,bool,-1
Name,shine,living_room,2024,9,11,6,3,yes,switch,bool,1
Name,shine,living_room,2024,9,11,6,39,yes,switch,bool,-1
Name,shine,living_room,2024,9,11,18,10,yes,switch,bool,1
Name,shine,living_room,2024,9,11,23,10,yes,switch,bool,-1
Name,shine,living_room,2024,9,12,6,3,yes,switch,bool,1
Name,shine,living_room,2024,9,12,6,39,yes,switch,bool,-1
Name,shine,living_room,2024,9,12,18,10,yes,switch,bool,1
Name,shine,living_room,2024,9,12,23,10,yes,switch,bool,-1
Name,shine,living_room,2024,9,13,6,3,yes,switch,bool,1
Name,shine,living_room,2024,9,13,6,39,yes,switch,bool,-1
Name,shine,living_room,2024,9,13,18,10,yes,switch,bool,1
Name,shine,living_room,2024,9,13,23,10,yes,switch,bool,-1
Name,shine,living_room,2024,9,14,6,3,yes,switch,bool,1
Name,shine,living_room,2024,9,14,6,39,yes,switch,bool,-1
Name,shine,living_room,2024,9,14,18,10,yes,switch,bool,1
Name,shine,living_room,2024,9,14,23,10,yes,switch,bool,-1
Name,shine,living_room,2024,9,15,6,3,yes,switch,bool,1
Name,shine,living_room,2024,9,15,6,39,yes,switch,bool,-1
Name,shine,living_room,2024,9,15,18,10,yes,switch,bool,1
Name,shine,living_room,2024,9,15,23,10,yes,switch,bool,-1
Name,shine,living_room,2024,9,16,6,3,yes,switch,bool,1
Name,shine,living_room,2024,9,16,6,39,yes,switch,bool,-1
Name,shine,living_room,2024,9,16,18,10,yes,switch,bool,1
Name,shine,living_room,2024,9,16,23,10,yes,switch,bool,-1
Name,shine,living_room,2024,9,17,6,3,yes,switch,bool,1
Name,shine,living_room,2024,9,17,6,39,yes,switch,bool,-1
Name,shine,living_room,2024,9,17,18,10,yes,switch,bool,1
Name,shine,living_room,2024,9,17,23,10,yes,switch,bool,-1
Name,shine,living_room,2024,9,18,6,3,yes,switch,bool,1
Name,shine,living_room,2024,9,18,6,39,yes,switch,bool,-1
Name,shine,living_room,2024,9,18,18,10,yes,switch,bool,1
Name,shine,living_room,2024,9,18,23,10,yes,switch,bool,-1
Name,shine,living_room,2024,9,19,6,3,yes,switch,bool,1
Name,shine,living_room,2024,9,19,6,39,yes,switch,bool,-1
Name,shine,living_room,2024,9,19,18,10,yes,switch,bool,1
Name,shine,living_room,2024,9,19,23,10,yes,switch,bool,-1
Name,shine,living_room,2024,9,20,6,3,yes,switch,bool,1
Name,shine,living_room,2024,9,20,6,39,yes,switch,bool,-1
Name,shine,living_room,2024,9,20,18,10,yes,switch,bool,1
Name,shine,living_room,2024,9,20,23,10,yes,switch,bool,-1
Name,shine,living_room,2024,9,21,6,3,yes,switch,bool,1
Name,shine,living_room,2024,9,21,6,39,yes,switch,bool,-1
Name,shine,living_room,2024,9,21,18,10,yes,switch,bool,1
Name,shine,living_room,2024,9,21,23,10,yes,switch,bool,-1
Name,shine,living_room,2024,9,22,6,3,yes,switch,bool,1
Name,shine,living_room,2024,9,22,6,39,yes,switch,bool,-1
Name,shine,living_room,2024,9,22,18,10,yes,switch,bool,1
Name,shine,living_room,2024,9,22,23,10,yes,switch,bool,-1
Name,shine,living_room,2024,9,23,6,3,yes,switch,bool,1
Name,shine,living_room,2024,9,23,6,39,yes,switch,bool,-1
Name,shine,living_room,2024,9,23,18,10,yes,switch,bool,1
Name,shine,living_room,2024,9,23,23,10,yes,switch,bool,-1
Name,shine,living_room,2024,9,24,6,3,yes,switch,bool,1
Name,shine,living_room,2024,9,24,6,39,yes,switch,bool,-1
Name,shine,living_room,2024,9,24,18,10,yes,switch,bool,1
Name,shine,living_room,2024,9,24,23,10,yes,switch,bool,-1
Name,shine,living_room,2024,9,25,6,3,yes,switch,bool,1
Name,shine,living_room,2024,9,25,6,39,yes,switch,bool,-1
Name,shine,living_room,2024,9,25,18,10,yes,switch,bool,1
Name,shine,living_room,2024,9,25,23,10,yes,switch,bool,-1
Name,shine,living_room,2024,9,26,6,3,yes,switch,bool,1
Name,shine,living_room,2024,9,26,6,39,yes,switch,bool,-1
Name,shine,living_room,2024,9,26,18,10,yes,switch,bool,1
Name,shine,living_room,2024,9,26,23,10,yes,switch,bool,-1
Name,shine,living_room,2024,9,27,6,3,yes,switch,bool,1
Name,shine,living_room,2024,9,27,6,39,yes,switch,bool,-1
Name,shine,living_room,2024,9,27,18,10,yes,switch,bool,1
Name,shine,living_room,2024,9,27,23,10,yes,switch,bool,-1
Name,shine,living_room,2024,9,28,6,3,yes,switch,bool,1
Name,shine,living_room,2024,9,28,6,39,yes,switch,bool,-1
Name,shine,living_room,2024,9,28,18,10,yes,switch,bool,1
Name,shine,living_room,2024,9,28,23,10,yes,switch,bool,-1
Name,shine,living_room,2024,9,29,6,3,yes,switch,bool,1
Name,shine,living_room,2024,9,29,6,39,yes,switch,bool,-1
Name,shine,living_room,2024,9,29,18,10,yes,switch,bool,1
Name,shine,living_room,2024,9,29,23,10,yes,switch,bool,-1
Name,shine,living_room,2024,9,30,6,3,yes,switch,bool,1
Name,shine,living_room,2024,9,30,6,39,yes,switch,bool,-1
Name,shine,living_room,2024,9,30,18,10,yes,switch,bool,1
Name,shine,living_room,2024,9,30,23,10,yes,switch,bool,-1
Name,shine,living_room,2024,9,31,6,3,yes,switch,bool,1
Name,shine,living_room,2024,9,31,6,39,yes,switch,bool,-1
Name,shine,living_room,2024,9,31,18,10,yes,switch,bool,1
Name,shine,living_room,2024,9,31,23,10,yes,switch,bool,-1
Name,shine,living_room,2024,10,1,6,3,yes,switch,bool,-1
Name,shine,living_room,2024,10,1,6,39,yes,switch,bool,-1
Name,shine,living_room,2024,10,1,18,10,yes,switch,bool,1
Name,shine,living_room,2024,10,1,23,10,yes,switch,bool,-1
Name,shine,living_room,2024,10,2,6,3,yes,switch,bool,1
Name,shine,living_room,2024,10,2,6,39,yes,switch,bool,-1
Name,shine,living_room,2024,10,2,18,10,yes,switch,bool,1
Name,shine,living_room,2024,10,2,23,10,yes,switch,bool,-1
Name,shine,living_room,2024,10,3,6,3,yes,switch,bool,1
Name,shine,living_room,2024,10,3,6,39,yes,switch,bool,-1
Name,shine,living_room,2024,10,3,18,10,yes,switch,bool,1
Name,shine,living_room,2024,10,3,23,10,yes,switch,bool,-1
Name,shine,living_room,2024,10,4,6,3,yes,switch,bool,1
Name,shine,living_room,2024,10,4,6,39,yes,switch,bool,-1
Name,shine,living_room,2024,10,4,18,10,yes,switch,bool,1
Name,shine,living_room,2024,10,4,23,10,yes,switch,bool,-1
Name,shine,living_room,2024,10,5,6,3,yes,switch,bool,1
Name,shine,living_room,2024,10,5,6,39,yes,switch,bool,-1
Name,shine,living_room,2024,10,5,18,10,yes,switch,bool,1
Name,shine,living_room,2024,10,5,23,10,yes,switch,bool,-1
Name,shine,living_room,2024,10,6,6,3,yes,switch,bool,1
Name,shine,living_room,2024,10,6,6,39,yes,switch,bool,-1
Name,shine,living_room,2024,10,6,18,10,yes,switch,bool,1
Name,shine,living_room,2024,10,6,23,10,yes,switch,bool,-1
Name,shine,living_room,2024,10,7,6,3,yes,switch,bool,1
Name,shine,living_room,2024,10,7,6,39,yes,switch,bool,-1
Name,shine,living_room,2024,10,7,18,10,yes,switch,bool,1
Name,shine,living_room,2024,10,7,23,10,yes,switch,bool,-1
Name,shine,living_room,2024,10,8,6,3,yes,switch,bool,1
Name,shine,living_room,2024,10,8,6,39,yes,switch,bool,-1
Name,shine,living_room,2024,10,8,18,10,yes,switch,bool,1
Name,shine,living_room,2024,10,8,23,10,yes,switch,bool,-1
Name,shine,living_room,2024,10,9,6,3,yes,switch,bool,1
Name,shine,living_room,2024,10,9,6,39,yes,switch,bool,-1
Name,shine,living_room,2024,10,9,18,10,yes,switch,bool,1
Name,shine,living_room,2024,10,9,23,10,yes,switch,bool,-1
Name,shine,living_room,2024,10,10,6,3,yes,switch,bool,1
Name,shine,living_room,2024,10,10,6,39,yes,switch,bool,-1
Name,shine,living_room,2024,10,10,18,10,yes,switch,bool,1
Name,shine,living_room,2024,10,10,23,10,yes,switch,bool,-1
Name,shine,living_room,2024,10,11,6,3,yes,switch,bool,1
Name,shine,living_room,2024,10,11,6,39,yes,switch,bool,-1
Name,shine,living_room,2024,10,11,18,10,yes,switch,bool,1
Name,shine,living_room,2024,10,11,23,10,yes,switch,bool,-1
Name,shine,living_room,2024,10,12,6,3,yes,switch,bool,1
Name,shine,living_room,2024,10,12,6,39,yes,switch,bool,-1
Name,shine,living_room,2024,10,12,18,10,yes,switch,bool,1
Name,shine,living_room,2024,10,12,23,10,yes,switch,bool,-1
Name,shine,living_room,2024,10,13,6,3,yes,switch,bool,1
Name,shine,living_room,2024,10,13,6,39,yes,switch,bool,-1
Name,shine,living_room,2024,10,13,18,10,yes,switch,bool,1
Name,shine,living_room,2024,10,13,23,10,yes,switch,bool,-1
Name,shine,living_room,2024,10,14,6,3,yes,switch,bool,1
Name,shine,living_room,2024,10,14,6,39,yes,switch,bool,-1
Name,shine,living_room,2024,10,14,18,10,yes,switch,bool,1
Name,shine,living_room,2024,10,14,23,10,yes,switch,bool,-1
Name,shine,living_room,2024,10,15,6,3,yes,switch,bool,1
Name,shine,living_room,2024,10,15,6,39,yes,switch,bool,-1
Name,shine,living_room,2024,10,15,18,10,yes,switch,bool,1
Name,shine,living_room,2024,10,15,23,10,yes,switch,bool,-1
Name,shine,living_room,2024,10,16,6,3,yes,switch,bool,1
Name,shine,living_room,2024,10,16,6,39,yes,switch,bool,-1
Name,shine,living_room,2024,10,16,18,10,yes,switch,bool,1
Name,shine,living_room,2024,10,16,23,10,yes,switch,bool,-1
Name,shine,living_room,2024,10,17,6,3,yes,switch,bool,1
Name,shine,living_room,2024,10,17,6,39,yes,switch,bool,-1
Name,shine,living_room,2024,10,17,18,10,yes,switch,bool,1
Name,shine,living_room,2024,10,17,23,10,yes,switch,bool,-1
Name,shine,living_room,2024,10,18,6,3,yes,switch,bool,1
Name,shine,living_room,2024,10,18,6,39,yes,switch,bool,-1
Name,shine,living_room,2024,10,18,18,10,yes,switch,bool,1
Name,shine,living_room,2024,10,18,23,10,yes,switch,bool,-1
Name,shine,living_room,2024,10,19,6,3,yes,switch,bool,1
Name,shine,living_room,2024,10,19,6,39,yes,switch,bool,-1
Name,shine,living_room,2024,10,19,18,10,yes,switch,bool,1
Name,shine,living_room,2024,10,19,23,10,yes,switch,bool,-1
Name,shine,living_room,2024,10,20,6,3,yes,switch,bool,1
Name,shine,living_room,2024,10,20,6,39,yes,switch,bool,-1
Name,shine,living_room,2024,10,20,18,10,yes,switch,bool,1
Name,shine,living_room,2024,10,20,23,10,yes,switch,bool,-1
Name,shine,living_room,2024,10,21,6,3,yes,switch,bool,1
Name,shine,living_room,2024,10,21,6,39,yes,switch,bool,-1
Name,shine,living_room,2024,10,21,18,10,yes,switch,bool,1
Name,shine,living_room,2024,10,21,23,10,yes,switch,bool,-1
Name,shine,living_room,2024,10,22,6,3,yes,switch,bool,1
Name,shine,living_room,2024,10,22,6,39,yes,switch,bool,-1
Name,shine,living_room,2024,10,22,18,10,yes,switch,bool,1
Name,shine,living_room,2024,10,22,23,10,yes,switch,bool,-1
Name,shine,living_room,2024,10,23,6,3,yes,switch,bool,1
Name,shine,living_room,2024,10,23,6,39,yes,switch,bool,-1
Name,shine,living_room,2024,10,23,18,10,yes,switch,bool,1
Name,shine,living_room,2024,10,23,23,10,yes,switch,bool,-1
Name,shine,living_room,2024,10,24,6,3,yes,switch,bool,1
Name,shine,living_room,2024,10,24,6,39,yes,switch,bool,-1
Name,shine,living_room,2024,10,24,18,10,yes,switch,bool,1
Name,shine,living_room,2024,10,24,23,10,yes,switch,bool,-1
Name,shine,living_room,2024,10,25,6,3,yes,switch,bool,1
Name,shine,living_room,2024,10,25,6,39,yes,switch,bool,-1
Name,shine,living_room,2024,10,25,18,10,yes,switch,bool,1
Name,shine,living_room,2024,10,25,23,10,yes,switch,bool,-1
Name,shine,living_room,2024,10,26,6,3,yes,switch,bool,1
Name,shine,living_room,2024,10,26,6,39,yes,switch,bool,-1
Name,shine,living_room,2024,10,26,18,10,yes,switch,bool,1
Name,shine,living_room,2024,10,26,23,10,yes,switch,bool,-1
Name,shine,living_room,2024,10,27,6,3,yes,switch,bool,1
Name,shine,living_room,2024,10,27,6,39,yes,switch,bool,-1
Name,shine,living_room,2024,10,27,18,10,yes,switch,bool,1
Name,shine,living_room,2024,10,27,23,10,yes,switch,bool,-1
Name,shine,living_room,2024,10,28,6,3,yes,switch,bool,1
Name,shine,living_room,2024,10,28,6,39,yes,switch,bool,-1
Name,shine,living_room,2024,10,28,18,10,yes,switch,bool,1
Name,shine,living_room,2024,10,28,23,10,yes,switch,bool,-1
Name,shine,living_room,2024,10,29,6,3,yes,switch,bool,1
Name,shine,living_room,2024,10,29,6,39,yes,switch,bool,-1
Name,shine,living_room,2024,10,29,18,10,yes,switch,bool,1
Name,shine,living_room,2024,10,29,23,10,yes,switch,bool,-1
Name,shine,living_room,2024,10,30,6,3,yes,switch,bool,1
Name,shine,living_room,2024,10,30,6,39,yes,switch,bool,-1
Name,shine,living_room,2024,10,30,18,10,yes,switch,bool,1
Name,shine,living_room,2024,10,30,23,10,yes,switch,bool,-1
Name,shine,living_room,2024,11,1,6,3,yes,switch,bool,-1
Name,shine,living_room,2024,11,1,6,39,yes,switch,bool,-1
Name,shine,living_room,2024,11,1,18,10,yes,switch,bool,1
Name,shine,living_room,2024,11,1,23,10,yes,switch,bool,-1
Name,shine,living_room,2024,11,2,6,3,yes,switch,bool,1
Name,shine,living_room,2024,11,2,6,39,yes,switch,bool,-1
Name,shine,living_room,2024,11,2,18,10,yes,switch,bool,1
Name,shine,living_room,2024,11,2,23,10,yes,switch,bool,-1
Name,shine,living_room,2024,11,3,6,3,yes,switch,bool,1
Name,shine,living_room,2024,11,3,6,39,yes,switch,bool,-1
Name,shine,living_room,2024,11,3,18,10,yes,switch,bool,1
Name,shine,living_room,2024,11,3,23,10,yes,switch,bool,-1
Name,shine,living_room,2024,11,4,6,3,yes,switch,bool,1
Name,shine,living_room,2024,11,4,6,39,yes,switch,bool,-1
Name,shine,living_room,2024,11,4,18,10,yes,switch,bool,1
Name,shine,living_room,2024,11,4,23,10,yes,switch,bool,-1
Name,shine,living_room,2024,11,5,6,3,yes,switch,bool,1
Name,shine,living_room,2024,11,5,6,39,yes,switch,bool,-1
Name,shine,living_room,2024,11,5,18,10,yes,switch,bool,1
Name,shine,living_room,2024,11,5,23,10,yes,switch,bool,-1
Name,shine,living_room,2024,11,6,6,3,yes,switch,bool,1
Name,shine,living_room,2024,11,6,6,39,yes,switch,bool,-1
Name,shine,living_room,2024,11,6,18,10,yes,switch,bool,1
Name,shine,living_room,2024,11,6,23,10,yes,switch,bool,-1
Name,shine,living_room,2024,11,7,6,3,yes,switch,bool,1
Name,shine,living_room,2024,11,7,6,39,yes,switch,bool,-1
Name,shine,living_room,2024,11,7,18,10,yes,switch,bool,1
Name,shine,living_room,2024,11,7,23,10,yes,switch,bool,-1
Name,shine,living_room,2024,11,8,6,3,yes,switch,bool,1
Name,shine,living_room,2024,11,8,6,39,yes,switch,bool,-1
Name,shine,living_room,2024,11,8,18,10,yes,switch,bool,1
Name,shine,living_room,2024,11,8,23,10,yes,switch,bool,-1
Name,shine,living_room,2024,11,9,6,3,yes,switch,bool,1
Name,shine,living_room,2024,11,9,6,39,yes,switch,bool,-1
Name,shine,living_room,2024,11,9,18,10,yes,switch,bool,1
Name,shine,living_room,2024,11,9,23,10,yes,switch,bool,-1
Name,shine,living_room,2024,11,10,6,3,yes,switch,bool,1
Name,shine,living_room,2024,11,10,6,39,yes,switch,bool,-1
Name,shine,living_room,2024,11,10,18,10,yes,switch,bool,1
Name,shine,living_room,2024,11,10,23,10,yes,switch,bool,-1
Name,shine,living_room,2024,11,11,6,3,yes,switch,bool,1
Name,shine,living_room,2024,11,11,6,39,yes,switch,bool,-1
Name,shine,living_room,2024,11,11,18,10,yes,switch,bool,1
Name,shine,living_room,2024,11,11,23,10,yes,switch,bool,-1
Name,shine,living_room,2024,11,12,6,3,yes,switch,bool,1
Name,shine,living_room,2024,11,12,6,39,yes,switch,bool,-1
Name,shine,living_room,2024,11,12,18,10,yes,switch,bool,1
Name,shine,living_room,2024,11,12,23,10,yes,switch,bool,-1
Name,shine,living_room,2024,11,13,6,3,yes,switch,bool,1
Name,shine,living_room,2024,11,13,6,39,yes,switch,bool,-1
Name,shine,living_room,2024,11,13,18,10,yes,switch,bool,1
Name,shine,living_room,2024,11,13,23,10,yes,switch,bool,-1
Name,shine,living_room,2024,11,14,6,3,yes,switch,bool,1
Name,shine,living_room,2024,11,14,6,39,yes,switch,bool,-1
Name,shine,living_room,2024,11,14,18,10,yes,switch,bool,1
Name,shine,living_room,2024,11,14,23,10,yes,switch,bool,-1
Name,shine,living_room,2024,11,15,6,3,yes,switch,bool,1
Name,shine,living_room,2024,11,15,6,39,yes,switch,bool,-1
Name,shine,living_room,2024,11,15,18,10,yes,switch,bool,1
Name,shine,living_room,2024,11,15,23,10,yes,switch,bool,-1
Name,shine,living_room,2024,11,16,6,3,yes,switch,bool,1
Name,shine,living_room,2024,11,16,6,39,yes,switch,bool,-1
Name,shine,living_room,2024,11,16,18,10,yes,switch,bool,1
Name,shine,living_room,2024,11,16,23,10,yes,switch,bool,-1
Name,shine,living_room,2024,11,17,6,3,yes,switch,bool,1
Name,shine,living_room,2024,11,17,6,39,yes,switch,bool,-1
Name,shine,living_room,2024,11,17,18,10,yes,switch,bool,1
Name,shine,living_room,2024,11,17,23,10,yes,switch,bool,-1
Name,shine,living_room,2024,11,18,6,3,yes,switch,bool,1
Name,shine,living_room,2024,11,18,6,39,yes,switch,bool,-1
Name,shine,living_room,2024,11,18,18,10,yes,switch,bool,1
Name,shine,living_room,2024,11,18,23,10,yes,switch,bool,-1
Name,shine,living_room,2024,11,19,6,3,yes,switch,bool,1
Name,shine,living_room,2024,11,19,6,39,yes,switch,bool,-1
Name,shine,living_room,2024,11,19,18,10,yes,switch,bool,1
Name,shine,living_room,2024,11,19,23,10,yes,switch,bool,-1
Name,shine,living_room,2024,11,20,6,3,yes,switch,bool,1
Name,shine,living_room,2024,11,20,6,39,yes,switch,bool,-1
Name,shine,living_room,2024,11,20,18,10,yes,switch,bool,1
Name,shine,living_room,2024,11,20,23,10,yes,switch,bool,-1
Name,shine,living_room,2024,11,21,6,3,yes,switch,bool,1
Name,shine,living_room,2024,11,21,6,39,yes,switch,bool,-1
Name,shine,living_room,2024,11,21,18,10,yes,switch,bool,1
Name,shine,living_room,2024,11,21,23,10,yes,switch,bool,-1
Name,shine,living_room,2024,11,22,6,3,yes,switch,bool,1
Name,shine,living_room,2024,11,22,6,39,yes,switch,bool,-1
Name,shine,living_room,2024,11,22,18,10,yes,switch,bool,1
Name,shine,living_room,2024,11,22,23,10,yes,switch,bool,-1
Name,shine,living_room,2024,11,23,6,3,yes,switch,bool,1
Name,shine,living_room,2024,11,23,6,39,yes,switch,bool,-1
Name,shine,living_room,2024,11,23,18,10,yes,switch,bool,1
Name,shine,living_room,2024,11,23,23,10,yes,switch,bool,-1
Name,shine,living_room,2024,11,24,6,3,yes,switch,bool,1
Name,shine,living_room,2024,11,24,6,39,yes,switch,bool,-1
Name,shine,living_room,2024,11,24,18,10,yes,switch,bool,1
Name,shine,living_room,2024,11,24,23,10,yes,switch,bool,-1
Name,shine,living_room,2024,11,25,6,3,yes,switch,bool,1
Name,shine,living_room,2024,11,25,6,39,yes,switch,bool,-1
Name,shine,living_room,2024,11,25,18,10,yes,switch,bool,1
Name,shine,living_room,2024,11,25,23,10,yes,switch,bool,-1
Name,shine,living_room,2024,11,26,6,3,yes,switch,bool,1
Name,shine,living_room,2024,11,26,6,39,yes,switch,bool,-1
Name,shine,living_room,2024,11,26,18,10,yes,switch,bool,1
Name,shine,living_room,2024,11,26,23,10,yes,switch,bool,-1
Name,shine,living_room,2024,11,27,6,3,yes,switch,bool,1
Name,shine,living_room,2024,11,27,6,39,yes,switch,bool,-1
Name,shine,living_room,2024,11,27,18,10,yes,switch,bool,1
Name,shine,living_room,2024,11,27,23,10,yes,switch,bool,-1
Name,shine,living_room,2024,11,28,6,3,yes,switch,bool,1
Name,shine,living_room,2024,11,28,6,39,yes,switch,bool,-1
Name,shine,living_room,2024,11,28,18,10,yes,switch,bool,1
Name,shine,living_room,2024,11,28,23,10,yes,switch,bool,-1
Name,shine,living_room,2024,11,29,6,3,yes,switch,bool,1
Name,shine,living_room,2024,11,29,6,39,yes,switch,bool,-1
Name,shine,living_room,2024,11,29,18,10,yes,switch,bool,1
Name,shine,living_room,2024,11,29,23,10,yes,switch,bool,-1
Name,shine,living_room,2024,11,30,6,3,yes,switch,bool,1
Name,shine,living_room,2024,11,30,6,39,yes,switch,bool,-1
Name,shine,living_room,2024,11,30,18,10,yes,switch,bool,1
Name,shine,living_room,2024,11,30,23,10,yes,switch,bool,-1
Name,shine,living_room,2024,11,31,6,3,yes,switch,bool,1
Name,shine,living_room,2024,11,31,6,39,yes,switch,bool,-1
Name,shine,living_room,2024,11,31,18,10,yes,switch,bool,1
Name,shine,living_room,2024,11,31,23,10,yes,switch,bool,-1
Name,shine,living_room,2024,0,1,6,3,yes,switch,bool,-1
Name,shine,living_room,2024,0,1,6,39,yes,switch,bool,-1
Name,shine,living_room,2024,0,1,18,10,yes,switch,bool,1
Name,shine,living_room,2024,0,1,23,10,yes,switch,bool,-1
Name,shine,living_room,2024,0,2,6,3,yes,switch,bool,1
Name,shine,living_room,2024,0,2,6,39,yes,switch,bool,-1
Name,shine,living_room,2024,0,2,18,10,yes,switch,bool,1
Name,shine,living_room,2024,0,2,23,10,yes,switch,bool,-1
Name,shine,living_room,2024,0,3,6,3,yes,switch,bool,1
Name,shine,living_room,2024,0,3,6,39,yes,switch,bool,-1
Name,shine,living_room,2024,0,3,18,10,yes,switch,bool,1
Name,shine,living_room,2024,0,3,23,10,yes,switch,bool,-1
Name,shine,living_room,2024,0,4,6,3,yes,switch,bool,1
Name,shine,living_room,2024,0,4,6,39,yes,switch,bool,-1
Name,shine,living_room,2024,0,4,18,10,yes,switch,bool,1
Name,shine,living_room,2024,0,4,23,10,yes,switch,bool,-1
Name,shine,living_room,2024,0,5,6,3,yes,switch,bool,1
Name,shine,living_room,2024,0,5,6,39,yes,switch,bool,-1
Name,shine,living_room,2024,0,5,18,10,yes,switch,bool,1
Name,shine,living_room,2024,0,5,23,10,yes,switch,bool,-1
Name,shine,living_room,2024,0,6,6,3,yes,switch,bool,1
Name,shine,living_room,2024,0,6,6,39,yes,switch,bool,-1
Name,shine,living_room,2024,0,6,18,10,yes,switch,bool,1
Name,shine,living_room,2024,0,6,23,10,yes,switch,bool,-1
Name,shine,living_room,2024,0,7,6,3,yes,switch,bool,1
Name,shine,living_room,2024,0,7,6,39,yes,switch,bool,-1
Name,shine,living_room,2024,0,7,18,10,yes,switch,bool,1
Name,shine,living_room,2024,0,7,23,10,yes,switch,bool,-1
Name,shine,living_room,2024,0,8,6,3,yes,switch,bool,1
Name,shine,living_room,2024,0,8,6,39,yes,switch,bool,-1
Name,shine,living_room,2024,0,8,18,10,yes,switch,bool,1
Name,shine,living_room,2024,0,8,23,10,yes,switch,bool,-1
Name,shine,living_room,2024,0,9,6,3,yes,switch,bool,1
Name,shine,living_room,2024,0,9,6,39,yes,switch,bool,-1
Name,shine,living_room,2024,0,9,18,10,yes,switch,bool,1
Name,shine,living_room,2024,0,9,23,10,yes,switch,bool,-1
Name,shine,living_room,2024,0,10,6,3,yes,switch,bool,1
Name,shine,living_room,2024,0,10,6,39,yes,switch,bool,-1
Name,shine,living_room,2024,0,10,18,10,yes,switch,bool,1
Name,shine,living_room,2024,0,10,23,10,yes,switch,bool,-1
Name,shine,living_room,2024,0,11,6,3,yes,switch,bool,1
Name,shine,living_room,2024,0,11,6,39,yes,switch,bool,-1
Name,shine,living_room,2024,0,11,18,10,yes,switch,bool,1
Name,shine,living_room,2024,0,11,23,10,yes,switch,bool,-1
Name,shine,living_room,2024,0,12,6,3,yes,switch,bool,1
Name,shine,living_room,2024,0,12,6,39,yes,switch,bool,-1
Name,shine,living_room,2024,0,12,18,10,yes,switch,bool,1
Name,shine,living_room,2024,0,12,23,10,yes,switch,bool,-1
Name,shine,living_room,2024,0,13,6,3,yes,switch,bool,1
Name,shine,living_room,2024,0,13,6,39,yes,switch,bool,-1
Name,shine,living_room,2024,0,13,18,10,yes,switch,bool,1
Name,shine,living_room,2024,0,13,23,10,yes,switch,bool,-1
Name,shine,living_room,2024,0,14,6,3,yes,switch,bool,1
Name,shine,living_room,2024,0,14,6,39,yes,switch,bool,-1
Name,shine,living_room,2024,0,14,18,10,yes,switch,bool,1
Name,shine,living_room,2024,0,14,23,10,yes,switch,bool,-1
Name,shine,living_room,2024,0,15,6,3,yes,switch,bool,1
Name,shine,living_room,2024,0,15,6,39,yes,switch,bool,-1
Name,shine,living_room,2024,0,15,18,10,yes,switch,bool,1
Name,shine,living_room,2024,0,15,23,10,yes,switch,bool,-1
Name,shine,living_room,2024,0,16,6,3,yes,switch,bool,1
Name,shine,living_room,2024,0,16,6,39,yes,switch,bool,-1
Name,shine,living_room,2024,0,16,18,10,yes,switch,bool,1
Name,shine,living_room,2024,0,16,23,10,yes,switch,bool,-1
Name,shine,living_room,2024,0,17,6,3,yes,switch,bool,1
Name,shine,living_room,2024,0,17,6,39,yes,switch,bool,-1
Name,shine,living_room,2024,0,17,18,10,yes,switch,bool,1
Name,shine,living_room,2024,0,17,23,10,yes,switch,bool,-1
Name,shine,living_room,2024,0,18,6,3,yes,switch,bool,1
Name,shine,living_room,2024,0,18,6,39,yes,switch,bool,-1
Name,shine,living_room,2024,0,18,18,10,yes,switch,bool,1
Name,shine,living_room,2024,0,18,23,10,yes,switch,bool,-1
Name,shine,living_room,2024,0,19,6,3,yes,switch,bool,1
Name,shine,living_room,2024,0,19,6,39,yes,switch,bool,-1
Name,shine,living_room,2024,0,19,18,10,yes,switch,bool,1
Name,shine,living_room,2024,0,19,23,10,yes,switch,bool,-1
Name,shine,living_room,2024,0,20,6,3,yes,switch,bool,1
Name,shine,living_room,2024,0,20,6,39,yes,switch,bool,-1
Name,shine,living_room,2024,0,20,18,10,yes,switch,bool,1
Name,shine,living_room,2024,0,20,23,10,yes,switch,bool,-1
Name,shine,living_room,2024,0,21,6,3,yes,switch,bool,1
Name,shine,living_room,2024,0,21,6,39,yes,switch,bool,-1
Name,shine,living_room,2024,0,21,18,10,yes,switch,bool,1
Name,shine,living_room,2024,0,21,23,10,yes,switch,bool,-1
Name,shine,living_room,2024,0,22,6,3,yes,switch,bool,1
Name,shine,living_room,2024,0,22,6,39,yes,switch,bool,-1
Name,shine,living_room,2024,0,22,18,10,yes,switch,bool,1
Name,shine,living_room,2024,0,22,23,10,yes,switch,bool,-1
Name,shine,living_room,2024,0,23,6,3,yes,switch,bool,1
Name,shine,living_room,2024,0,23,6,39,yes,switch,bool,-1
Name,shine,living_room,2024,0,23,18,10,yes,switch,bool,1
Name,shine,living_room,2024,0,23,23,10,yes,switch,bool,-1
Name,shine,living_room,2024,0,24,6,3,yes,switch,bool,1
Name,shine,living_room,2024,0,24,6,39,yes,switch,bool,-1
Name,shine,living_room,2024,0,24,18,10,yes,switch,bool,1
Name,shine,living_room,2024,0,24,23,10,yes,switch,bool,-1
Name,shine,living_room,2024,0,25,6,3,yes,switch,bool,1
Name,shine,living_room,2024,0,25,6,39,yes,switch,bool,-1
Name,shine,living_room,2024,0,25,18,10,yes,switch,bool,1
Name,shine,living_room,2024,0,25,23,10,yes,switch,bool,-1
Name,shine,living_room,2024,0,26,6,3,yes,switch,bool,1
Name,shine,living_room,2024,0,26,6,39,yes,switch,bool,-1
Name,shine,living_room,2024,0,26,18,10,yes,switch,bool,1
Name,shine,living_room,2024,0,26,23,10,yes,switch,bool,-1
Name,shine,living_room,2024,0,27,6,3,yes,switch,bool,1
Name,shine,living_room,2024,0,27,6,39,yes,switch,bool,-1
Name,shine,living_room,2024,0,27,18,10,yes,switch,bool,1
Name,shine,living_room,2024,0,27,23,10,yes,switch,bool,-1
Name,shine,living_room,2024,0,28,6,3,yes,switch,bool,1
Name,shine,living_room,2024,0,28,6,39,yes,switch,bool,-1
Name,shine,living_room,2024,0,28,18,10,yes,switch,bool,1
Name,shine,living_room,2024,0,28,23,10,yes,switch,bool,-1
Name,shine,living_room,2024,0,29,6,3,yes,switch,bool,1
Name,shine,living_room,2024,0,29,6,39,yes,switch,bool,-1
Name,shine,living_room,2024,0,29,18,10,yes,switch,bool,1
Name,shine,living_room,2024,0,29,23,10,yes,switch,bool,-1
Name,shine,living_room,2024,0,30,6,3,yes,switch,bool,1
Name,shine,living_room,2024,0,30,6,39,yes,switch,bool,-1
Name,shine,living_room,2024,0,30,18,10,yes,switch,bool,1
Name,shine,living_room,2024,0,30,23,10,yes,switch,bool,-1
Name,shine,living_room,2024,0,31,6,3,yes,switch,bool,1
Name,shine,living_room,2024,0,31,6,39,yes,switch,bool,-1
Name,shine,living_room,2024,0,31,18,10,yes,switch,bool,1
Name,shine,living_room,2024,0,31,23,10,yes,switch,bool,-1
Name,shine,living_room,2024,1,1,6,3,yes,switch,bool,-1
Name,shine,living_room,2024,1,1,6,39,yes,switch,bool,-1
Name,shine,living_room,2024,1,1,18,10,yes,switch,bool,1
Name,shine,living_room,2024,1,1,23,10,yes,switch,bool,-1
Name,shine,living_room,2024,1,2,6,3,yes,switch,bool,1
Name,shine,living_room,2024,1,2,6,39,yes,switch,bool,-1
Name,shine,living_room,2024,1,2,18,10,yes,switch,bool,1
Name,shine,living_room,2024,1,2,23,10,yes,switch,bool,-1
Name,shine,living_room,2024,1,3,6,3,yes,switch,bool,1
Name,shine,living_room,2024,1,3,6,39,yes,switch,bool,-1
Name,shine,living_room,2024,1,3,18,10,yes,switch,bool,1
Name,shine,living_room,2024,1,3,23,10,yes,switch,bool,-1
Name,shine,living_room,2024,1,4,6,3,yes,switch,bool,1
Name,shine,living_room,2024,1,4,6,39,yes,switch,bool,-1
Name,shine,living_room,2024,1,4,18,10,yes,switch,bool,1
Name,shine,living_room,2024,1,4,23,10,yes,switch,bool,-1
Name,shine,living_room,2024,1,5,6,3,yes,switch,bool,1
Name,shine,living_room,2024,1,5,6,39,yes,switch,bool,-1
Name,shine,living_room,2024,1,5,18,10,yes,switch,bool,1
Name,shine,living_room,2024,1,5,23,10,yes,switch,bool,-1
Name,shine,living_room,2024,1,6,6,3,yes,switch,bool,1
Name,shine,living_room,2024,1,6,6,39,yes,switch,bool,-1
Name,shine,living_room,2024,1,6,18,10,yes,switch,bool,1
Name,shine,living_room,2024,1,6,23,10,yes,switch,bool,-1
Name,shine,living_room,2024,1,7,6,3,yes,switch,bool,1
Name,shine,living_room,2024,1,7,6,39,yes,switch,bool,-1
Name,shine,living_room,2024,1,7,18,10,yes,switch,bool,1
Name,shine,living_room,2024,1,7,23,10,yes,switch,bool,-1
Name,shine,living_room,2024,1,8,6,3,yes,switch,bool,1
Name,shine,living_room,2024,1,8,6,39,yes,switch,bool,-1
Name,shine,living_room,2024,1,8,18,10,yes,switch,bool,1
Name,shine,living_room,2024,1,8,23,10,yes,switch,bool,-1
Name,shine,living_room,2024,1,9,6,3,yes,switch,bool,1
Name,shine,living_room,2024,1,9,6,39,yes,switch,bool,-1
Name,shine,living_room,2024,1,9,18,10,yes,switch,bool,1
Name,shine,living_room,2024,1,9,23,10,yes,switch,bool,-1
Name,shine,living_room,2024,1,10,6,3,yes,switch,bool,1
Name,shine,living_room,2024,1,10,6,39,yes,switch,bool,-1
Name,shine,living_room,2024,1,10,18,10,yes,switch,bool,1
Name,shine,living_room,2024,1,10,23,10,yes,switch,bool,-1
Name,shine,living_room,2024,1,11,6,3,yes,switch,bool,1
Name,shine,living_room,2024,1,11,6,39,yes,switch,bool,-1
Name,shine,living_room,2024,1,11,18,10,yes,switch,bool,1
Name,shine,living_room,2024,1,11,23,10,yes,switch,bool,-1
Name,shine,living_room,2024,1,12,6,3,yes,switch,bool,1
Name,shine,living_room,2024,1,12,6,39,yes,switch,bool,-1
Name,shine,living_room,2024,1,12,18,10,yes,switch,bool,1
Name,shine,living_room,2024,1,12,23,10,yes,switch,bool,-1
Name,shine,living_room,2024,1,13,6,3,yes,switch,bool,1
Name,shine,living_room,2024,1,13,6,39,yes,switch,bool,-1
Name,shine,living_room,2024,1,13,18,10,yes,switch,bool,1
Name,shine,living_room,2024,1,13,23,10,yes,switch,bool,-1
Name,shine,living_room,2024,1,14,6,3,yes,switch,bool,1
Name,shine,living_room,2024,1,14,6,39,yes,switch,bool,-1
Name,shine,living_room,2024,1,14,18,10,yes,switch,bool,1
Name,shine,living_room,2024,1,14,23,10,yes,switch,bool,-1
Name,shine,living_room,2024,1,15,6,3,yes,switch,bool,1
Name,shine,living_room,2024,1,15,6,39,yes,switch,bool,-1
Name,shine,living_room,2024,1,15,18,10,yes,switch,bool,1
Name,shine,living_room,2024,1,15,23,10,yes,switch,bool,-1
Name,shine,living_room,2024,1,16,6,3,yes,switch,bool,1
Name,shine,living_room,2024,1,16,6,39,yes,switch,bool,-1
Name,shine,living_room,2024,1,16,18,10,yes,switch,bool,1
Name,shine,living_room,2024,1,16,23,10,yes,switch,bool,-1
Name,shine,living_room,2024,1,17,6,3,yes,switch,bool,1
Name,shine,living_room,2024,1,17,6,39,yes,switch,bool,-1
Name,shine,living_room,2024,1,17,18,10,yes,switch,bool,1
Name,shine,living_room,2024,1,17,23,10,yes,switch,bool,-1
Name,shine,living_room,2024,1,18,6,3,yes,switch,bool,1
Name,shine,living_room,2024,1,18,6,39,yes,switch,bool,-1
Name,shine,living_room,2024,1,18,18,10,yes,switch,bool,1
Name,shine,living_room,2024,1,18,23,10,yes,switch,bool,-1
Name,shine,living_room,2024,1,19,6,3,yes,switch,bool,1
Name,shine,living_room,2024,1,19,6,39,yes,switch,bool,-1
Name,shine,living_room,2024,1,19,18,10,yes,switch,bool,1
Name,shine,living_room,2024,1,19,23,10,yes,switch,bool,-1
Name,shine,living_room,2024,1,20,6,3,yes,switch,bool,1
Name,shine,living_room,2024,1,20,6,39,yes,switch,bool,-1
Name,shine,living_room,2024,1,20,18,10,yes,switch,bool,1
Name,shine,living_room,2024,1,20,23,10,yes,switch,bool,-1
Name,shine,living_room,2024,1,21,6,3,yes,switch,bool,1
Name,shine,living_room,2024,1,21,6,39,yes,switch,bool,-1
Name,shine,living_room,2024,1,21,18,10,yes,switch,bool,1
Name,shine,living_room,2024,1,21,23,10,yes,switch,bool,-1
Name,shine,living_room,2024,1,22,6,3,yes,switch,bool,1
Name,shine,living_room,2024,1,22,6,39,yes,switch,bool,-1
Name,shine,living_room,2024,1,22,18,10,yes,switch,bool,1
Name,shine,living_room,2024,1,22,23,10,yes,switch,bool,-1
Name,shine,living_room,2024,1,23,6,3,yes,switch,bool,1
Name,shine,living_room,2024,1,23,6,39,yes,switch,bool,-1
Name,shine,living_room,2024,1,23,18,10,yes,switch,bool,1
Name,shine,living_room,2024,1,23,23,10,yes,switch,bool,-1
Name,shine,living_room,2024,1,24,6,3,yes,switch,bool,1
Name,shine,living_room,2024,1,24,6,39,yes,switch,bool,-1
Name,shine,living_room,2024,1,24,18,10,yes,switch,bool,1
Name,shine,living_room,2024,1,24,23,10,yes,switch,bool,-1
Name,shine,living_room,2024,1,25,6,3,yes,switch,bool,1
Name,shine,living_room,2024,1,25,6,39,yes,switch,bool,-1
Name,shine,living_room,2024,1,25,18,10,yes,switch,bool,1
Name,shine,living_room,2024,1,25,23,10,yes,switch,bool,-1
Name,shine,living_room,2024,1,26,6,3,yes,switch,bool,1
Name,shine,living_room,2024,1,26,6,39,yes,switch,bool,-1
Name,shine,living_room,2024,1,26,18,10,yes,switch,bool,1
Name,shine,living_room,2024,1,26,23,10,yes,switch,bool,-1
