year,month,day,hour,minute,mode
2024,0,1,6,7,wake_up
2024,0,1,6,12,grooming
2024,0,1,7,2,morning_dining
2024,0,1,7,30,away
2024,0,1,17,42,homecoming
2024,0,1,18,30,dining
2024,0,1,19,0,movie
2024,0,1,21,35,sleep
2024,0,2,6,4,wake_up
2024,0,2,6,11,grooming
2024,0,2,7,6,morning_dining
2024,0,2,7,36,away
2024,0,2,17,42,homecoming
2024,0,2,18,31,dining
2024,0,2,19,5,movie
2024,0,2,21,33,sleep
2024,0,3,6,2,wake_up
2024,0,3,6,13,grooming
2024,0,3,7,2,morning_dining
2024,0,3,7,31,away
2024,0,3,17,48,homecoming
2024,0,3,18,30,dining
2024,0,3,19,0,movie
2024,0,3,21,31,sleep
2024,0,4,6,5,wake_up
2024,0,4,6,12,grooming
2024,0,4,7,6,morning_dining
2024,0,4,7,9,away
2024,0,4,17,39,homecoming
2024,0,4,18,31,dining
2024,0,4,19,11,movie
2024,0,4,21,37,sleep
2024,0,5,6,6,wake_up
2024,0,5,6,13,grooming
2024,0,5,7,5,morning_dining
2024,0,5,7,31,away
2024,0,5,17,44,homecoming
2024,0,5,18,38,dining
2024,0,5,19,5,movie
2024,0,5,21,33,sleep
2024,0,6,6,4,wake_up
2024,0,6,6,10,grooming
2024,0,6,7,8,morning_dining
2024,0,6,7,38,away
2024,0,6,17,49,homecoming
2024,0,6,18,32,dining
2024,0,6,19,6,movie
2024,0,6,21,41,sleep
2024,0,7,6,6,wake_up
2024,0,7,6,18,grooming
2024,0,7,7,9,morning_dining
2024,0,7,7,37,away
2024,0,7,17,43,homecoming
2024,0,7,18,31,dining
2024,0,7,19,2,movie
2024,0,7,21,47,sleep
2024,0,8,6,9,wake_up
2024,0,8,6,13,grooming
2024,0,8,7,9,morning_dining
2024,0,8,7,34,away
2024,0,8,17,35,homecoming
2024,0,8,18,33,dining
2024,0,8,19,20,movie
2024,0,8,21,44,sleep
2024,0,9,6,10,wake_up
2024,0,9,6,13,grooming
2024,0,9,7,9,morning_dining
2024,0,9,7,31,away
2024,0,9,17,46,homecoming
2024,0,9,18,31,dining
2024,0,9,19,9,movie
2024,0,9,21,31,sleep
2024,0,10,6,4,wake_up
2024,0,10,6,14,grooming
2024,0,10,7,7,morning_dining
2024,0,10,7,34,away
2024,0,10,17,44,homecoming
2024,0,10,18,31,dining
2024,0,10,19,6,movie
2024,0,10,21,33,sleep
2024,0,11,6,8,wake_up
2024,0,11,6,19,grooming
2024,0,11,7,4,morning_dining
2024,0,11,7,34,away
2024,0,11,17,44,homecoming
2024,0,11,18,31,dining
2024,0,11,19,19,movie
2024,0,11,21,31,sleep
2024,0,12,6,2,wake_up
2024,0,12,6,12,grooming
2024,0,12,7,2,morning_dining
2024,0,12,7,30,away
2024,0,12,17,42,homecoming
2024,0,12,18,30,dining
2024,0,12,19,0,movie
2024,0,12,21,30,sleep
2024,0,13,6,8,wake_up
2024,0,13,6,12,grooming
2024,0,13,7,2,morning_dining
2024,0,13,7,34,away
2024,0,13,17,42,homecoming
2024,0,13,18,30,dining
2024,0,13,19,0,movie
2024,0,13,21,30,sleep
2024,0,14,6,2,wake_up
2024,0,14,6,12,grooming
2024,0,14,7,2,morning_dining
2024,0,14,7,30,away
2024,0,14,17,42,homecoming
2024,0,14,18,30,dining
2024,0,14,19,0,movie
2024,0,14,21,30,sleep
2024,0,15,6,2,wake_up
2024,0,15,6,12,grooming
2024,0,15,7,6,morning_dining
2024,0,15,7,30,away
2024,0,15,17,42,homecoming
2024,0,15,18,30,dining
2024,0,15,19,0,movie
2024,0,15,21,30,sleep
2024,0,16,6,2,wake_up
2024,0,16,6,12,grooming
2024,0,16,7,2,morning_dining
2024,0,16,7,30,away
2024,0,16,17,42,homecoming
2024,0,16,18,30,dining
2024,0,16,19,0,movie
2024,0,16,21,30,sleep
2024,0,17,6,7,wake_up
2024,0,17,6,12,grooming
2024,0,17,7,2,morning_dining
2024,0,17,7,45,away
2024,0,17,17,42,homecoming
2024,0,17,18,30,dining
2024,0,17,19,0,movie
2024,0,17,21,30,sleep
2024,0,18,6,2,wake_up
2024,0,18,6,12,grooming
2024,0,18,7,2,morning_dining
2024,0,18,7,30,away
2024,0,18,17,42,homecoming
2024,0,18,18,30,dining
2024,0,18,19,0,movie
2024,0,18,21,30,sleep
2024,0,19,6,9,wake_up
2024,0,19,6,12,grooming
2024,0,19,7,2,morning_dining
2024,0,19,7,30,away
2024,0,19,17,42,homecoming
2024,0,19,18,30,dining
2024,0,19,19,0,movie
2024,0,19,21,30,sleep
2024,0,20,6,2,wake_up
2024,0,20,6,12,grooming
2024,0,20,7,2,morning_dining
2024,0,20,7,30,away
2024,0,20,17,42,homecoming
2024,0,20,18,30,dining
2024,0,20,19,0,movie
2024,0,20,21,30,sleep
2024,0,21,6,2,wake_up
2024,0,21,6,12,grooming
2024,0,21,7,2,morning_dining
2024,0,21,7,30,away
2024,0,21,17,42,homecoming
2024,0,21,18,30,dining
2024,0,21,19,9,movie
2024,0,21,21,30,sleep
2024,0,22,6,2,wake_up
2024,0,22,6,12,grooming
2024,0,22,7,2,morning_dining
2024,0,22,7,30,away
2024,0,22,17,42,homecoming
2024,0,22,18,30,dining
2024,0,22,19,0,movie
2024,0,22,21,30,sleep
2024,0,23,6,2,wake_up
2024,0,23,6,12,grooming
2024,0,23,7,2,morning_dining
2024,0,23,7,46,away
2024,0,23,17,42,homecoming
2024,0,23,18,30,dining
2024,0,23,19,0,movie
2024,0,23,21,30,sleep
2024,0,24,6,2,wake_up
2024,0,24,6,12,grooming
2024,0,24,7,2,morning_dining
2024,0,24,7,30,away
2024,0,24,17,42,homecoming
2024,0,24,18,30,dining
2024,0,24,19,0,movie
2024,0,24,21,30,sleep
2024,0,25,6,2,wake_up
2024,0,25,6,12,grooming
2024,0,25,7,2,morning_dining
2024,0,25,7,30,away
2024,0,25,17,42,homecoming
2024,0,25,18,30,dining
2024,0,25,19,0,movie
2024,0,25,21,35,sleep
2024,0,26,6,2,wake_up
2024,0,26,6,12,grooming
2024,0,26,7,2,morning_dining
2024,0,26,7,30,away
2024,0,26,17,42,homecoming
2024,0,26,18,30,dining
2024,0,26,19,0,movie
2024,0,26,21,30,sleep
2024,0,27,6,2,wake_up
2024,0,27,6,12,grooming
2024,0,27,7,2,morning_dining
2024,0,27,7,36,away
2024,0,27,17,42,homecoming
2024,0,27,18,30,dining
2024,0,27,19,0,movie
2024,0,27,21,30,sleep
2024,0,28,6,2,wake_up
2024,0,28,6,12,grooming
2024,0,28,7,2,morning_dining
2024,0,28,7,30,away
2024,0,28,17,42,homecoming
2024,0,28,18,30,dining
2024,0,28,19,0,movie
2024,0,28,21,30,sleep
2024,0,30,6,2,wake_up
2024,0,30,6,12,grooming
2024,0,30,7,2,morning_dining
2024,0,30,7,41,away
2024,0,30,17,42,homecoming
2024,0,30,18,30,dining
2024,0,30,19,0,movie
2024,0,30,21,30,sleep
2024,0,31,6,2,wake_up
2024,0,31,6,12,grooming
2024,0,31,7,2,morning_dining
2024,0,31,7,30,away
2024,0,31,17,42,homecoming
2024,0,31,18,30,dining
2024,0,31,19,0,movie
2024,0,31,21,30,sleep
2024,1,1,6,2,wake_up
2024,1,1,6,20,grooming
2024,1,1,7,2,morning_dining
2024,1,1,7,30,away
2024,1,1,17,42,homecoming
2024,1,1,18,30,dining
2024,1,1,19,0,movie
2024,1,1,21,30,sleep
2024,1,2,6,2,wake_up
2024,1,2,6,12,grooming
2024,1,2,7,2,morning_dining
2024,1,2,7,30,away
2024,1,2,17,42,homecoming
2024,1,2,18,30,dining
2024,1,2,19,0,movie
2024,1,2,21,30,sleep
2024,1,3,6,2,wake_up
2024,1,3,6,12,grooming
2024,1,3,7,2,morning_dining
2024,1,3,7,30,away
2024,1,3,17,42,homecoming
2024,1,3,18,30,dining
2024,1,3,19,0,movie
2024,1,3,21,30,sleep
2024,1,4,6,2,wake_up
2024,1,4,6,12,grooming
2024,1,4,7,2,morning_dining
2024,1,4,7,30,away
2024,1,4,17,42,homecoming
2024,1,4,18,30,dining
2024,1,4,19,0,movie
2024,1,4,21,30,sleep
2024,1,5,6,2,wake_up
2024,1,5,6,12,grooming
2024,1,5,7,2,morning_dining
2024,1,5,7,30,away
2024,1,5,17,46,homecoming
2024,1,5,18,30,dining
2024,1,5,19,0,movie
2024,1,5,21,30,sleep
2024,1,6,6,2,wake_up
2024,1,6,6,12,grooming
2024,1,6,7,2,morning_dining
2024,1,6,7,30,away
2024,1,6,17,42,homecoming
2024,1,6,18,30,dining
2024,1,6,19,0,movie
2024,1,6,21,30,sleep
2024,1,7,6,2,wake_up
2024,1,7,6,12,grooming
2024,1,7,7,2,morning_dining
2024,1,7,7,30,away
2024,1,7,17,47,homecoming
2024,1,7,18,30,dining
2024,1,7,19,0,movie
2024,1,7,21,30,sleep
2024,1,8,6,2,wake_up
2024,1,8,6,12,grooming
2024,1,8,7,2,morning_dining
2024,1,8,7,30,away
2024,1,8,17,42,homecoming
2024,1,8,18,30,dining
2024,1,8,19,0,movie
2024,1,8,21,30,sleep
2024,1,9,6,2,wake_up
2024,1,9,6,12,grooming
2024,1,9,7,2,morning_dining
2024,1,9,7,30,away
2024,1,9,17,42,homecoming
2024,1,9,18,30,dining
2024,1,9,19,0,movie
2024,1,9,21,30,sleep
2024,1,10,6,2,wake_up
2024,1,10,6,12,grooming
2024,1,10,7,2,morning_dining
2024,1,10,7,30,away
2024,1,10,17,42,homecoming
2024,1,10,18,30,dining
2024,1,10,19,0,movie
2024,1,10,21,30,sleep
2024,1,11,6,2,wake_up
2024,1,11,6,12,grooming
2024,1,11,7,6,morning_dining
2024,1,11,7,30,away
2024,1,11,17,42,homecoming
2024,1,11,18,30,dining
2024,1,11,19,0,movie
2024,1,11,21,30,sleep
2024,1,12,6,2,wake_up
2024,1,12,6,12,grooming
2024,1,12,7,2,morning_dining
2024,1,12,7,30,away
2024,1,12,17,42,homecoming
2024,1,12,18,30,dining
2024,1,12,19,0,movie
2024,1,12,21,30,sleep
2024,1,13,6,2,wake_up
2024,1,13,6,12,grooming
2024,1,13,7,2,morning_dining
2024,1,13,7,30,away
2024,1,13,17,42,homecoming
2024,1,13,18,30,dining
2024,1,13,19,0,movie
2024,1,13,21,39,sleep
2024,1,14,6,2,wake_up
2024,1,14,6,12,grooming
2024,1,14,7,2,morning_dining
2024,1,14,7,30,away
2024,1,14,17,42,homecoming
2024,1,14,18,30,dining
2024,1,14,19,0,movie
2024,1,14,21,30,sleep
2024,1,15,6,2,wake_up
2024,1,15,6,12,grooming
2024,1,15,7,2,morning_dining
2024,1,15,7,30,away
2024,1,15,17,49,homecoming
2024,1,15,18,30,dining
2024,1,15,19,0,movie
2024,1,15,21,30,sleep
2024,1,16,6,2,wake_up
2024,1,16,6,12,grooming
2024,1,16,7,2,morning_dining
2024,1,16,7,30,away
2024,1,16,17,42,homecoming
2024,1,16,18,30,dining
2024,1,16,19,0,movie
2024,1,16,21,30,sleep
2024,1,17,6,2,wake_up
2024,1,17,6,12,grooming
2024,1,17,7,2,morning_dining
2024,1,17,7,41,away
2024,1,17,17,42,homecoming
2024,1,17,18,30,dining
2024,1,17,19,0,movie
2024,1,17,21,30,sleep
2024,1,18,6,2,wake_up
2024,1,18,6,12,grooming
2024,1,18,7,2,morning_dining
2024,1,18,7,30,away
2024,1,18,17,42,homecoming
2024,1,18,18,30,dining
2024,1,18,19,0,movie
2024,1,18,21,30,sleep
2024,1,19,6,2,wake_up
2024,1,19,6,12,grooming
2024,1,19,7,2,morning_dining
2024,1,19,7,30,away
2024,1,19,17,42,homecoming
2024,1,19,18,30,dining
2024,1,19,19,0,movie
2024,1,19,21,28,sleep
2024,1,20,6,2,wake_up
2024,1,20,6,12,grooming
2024,1,20,7,2,morning_dining
2024,1,20,7,30,away
2024,1,20,17,42,homecoming
2024,1,20,18,30,dining
2024,1,20,19,0,movie
2024,1,20,21,30,sleep
2024,1,21,6,2,wake_up
2024,1,21,6,12,grooming
2024,1,21,7,2,morning_dining
2024,1,21,7,30,away
2024,1,21,17,42,homecoming
2024,1,21,18,30,dining
2024,1,21,19,0,movie
2024,1,21,21,30,sleep
2024,1,22,6,2,wake_up
2024,1,22,6,12,grooming
2024,1,22,7,2,morning_dining
2024,1,22,7,30,away
2024,1,22,17,42,homecoming
2024,1,22,18,30,dining
2024,1,22,19,0,movie
2024,1,22,21,30,sleep
2024,1,23,6,10,wake_up
2024,1,23,6,12,grooming
2024,1,23,7,2,morning_dining
2024,1,23,7,30,away
2024,1,23,17,42,homecoming
2024,1,23,18,30,dining
2024,1,23,19,0,movie
2024,1,23,21,30,sleep
2024,1,24,6,2,wake_up
2024,1,24,6,12,grooming
2024,1,24,7,2,morning_dining
2024,1,24,7,30,away
2024,1,24,17,42,homecoming
2024,1,24,18,30,dining
2024,1,24,19,0,movie
2024,1,24,21,30,sleep
2024,1,25,6,2,wake_up
2024,1,25,6,12,grooming
2024,1,25,7,2,morning_dining
2024,1,25,7,30,away
2024,1,25,17,42,homecoming
2024,1,25,18,30,dining
2024,1,25,19,3,movie
2024,1,25,21,30,sleep
2024,1,26,6,2,wake_up
2024,1,26,6,12,grooming
2024,1,26,7,2,morning_dining
2024,1,26,7,30,away
2024,1,26,17,42,homecoming
2024,1,26,18,30,dining
2024,1,26,19,0,movie
2024,1,26,21,30,sleep
2024,1,27,6,2,wake_up
2024,1,27,6,12,grooming
2024,1,27,7,2,morning_dining
2024,1,27,7,30,away
2024,1,27,17,42,homecoming
2024,1,27,18,30,dining
2024,1,27,19,0,movie
2024,1,27,21,30,sleep
2024,1,28,6,6,wake_up
2024,1,28,6,12,grooming
2024,1,28,7,2,morning_dining
2024,1,28,7,30,away
2024,1,28,17,42,homecoming
2024,1,28,18,30,dining
2024,1,28,19,0,movie
2024,1,28,21,30,sleep
2024,1,29,6,2,wake_up
2024,1,29,6,12,grooming
2024,1,29,7,2,morning_dining
2024,1,29,7,30,away
2024,1,29,17,42,homecoming
2024,1,29,18,30,dining
2024,1,29,19,0,movie
2024,1,29,21,30,sleep
2024,2,1,6,2,wake_up
2024,2,1,6,12,grooming
2024,2,1,7,2,morning_dining
2024,2,1,7,30,away
2024,2,1,17,42,homecoming
2024,2,1,18,30,dining
2024,2,1,19,0,movie
2024,2,1,21,30,sleep
2024,2,2,6,2,wake_up
2024,2,2,6,12,grooming
2024,2,2,7,2,morning_dining
2024,2,2,7,30,away
2024,2,2,17,42,homecoming
2024,2,2,18,30,dining
2024,2,2,19,0,movie
2024,2,2,21,30,sleep
2024,2,3,6,2,wake_up
2024,2,3,6,12,grooming
2024,2,3,7,2,morning_dining
2024,2,3,7,30,away
2024,2,3,17,42,homecoming
2024,2,3,18,30,dining
2024,2,3,19,0,movie
2024,2,3,21,30,sleep
2024,2,4,6,2,wake_up
2024,2,4,6,12,grooming
2024,2,4,7,2,morning_dining
2024,2,4,7,30,away
2024,2,4,17,42,homecoming
2024,2,4,18,30,dining
2024,2,4,19,0,movie
2024,2,4,21,30,sleep
2024,2,5,6,2,wake_up
2024,2,5,6,12,grooming
2024,2,5,7,2,morning_dining
2024,2,5,7,30,away
2024,2,5,17,42,homecoming
2024,2,5,18,30,dining
2024,2,5,19,0,movie
2024,2,5,21,30,sleep
2024,2,6,6,2,wake_up
2024,2,6,6,12,grooming
2024,2,6,7,2,morning_dining
2024,2,6,7,30,away
2024,2,6,17,42,homecoming
2024,2,6,18,30,dining
2024,2,6,19,0,movie
2024,2,6,21,30,sleep
2024,2,7,6,2,wake_up
2024,2,7,6,12,grooming
2024,2,7,7,2,morning_dining
2024,2,7,7,30,away
2024,2,7,17,45,homecoming
2024,2,7,18,30,dining
2024,2,7,19,0,movie
2024,2,7,21,30,sleep
2024,2,8,6,2,wake_up
2024,2,8,6,12,grooming
2024,2,8,7,2,morning_dining
2024,2,8,7,30,away
2024,2,8,17,42,homecoming
2024,2,8,18,30,dining
2024,2,8,19,0,movie
2024,2,8,21,30,sleep
2024,2,9,6,2,wake_up
2024,2,9,6,12,grooming
2024,2,9,7,2,morning_dining
2024,2,9,7,30,away
2024,2,9,17,42,homecoming
2024,2,9,18,30,dining
2024,2,9,19,7,movie
2024,2,9,21,30,sleep
2024,2,10,6,2,wake_up
2024,2,10,6,12,grooming
2024,2,10,7,2,morning_dining
2024,2,10,7,30,away
2024,2,10,17,42,homecoming
2024,2,10,18,30,dining
2024,2,10,19,0,movie
2024,2,10,21,30,sleep
2024,2,11,6,2,wake_up
2024,2,11,6,12,grooming
2024,2,11,7,2,morning_dining
2024,2,11,7,30,away
2024,2,11,17,42,homecoming
2024,2,11,18,30,dining
2024,2,11,19,0,movie
2024,2,11,21,30,sleep
2024,2,12,6,2,wake_up
2024,2,12,6,12,grooming
2024,2,12,7,2,morning_dining
2024,2,12,7,33,away
2024,2,12,17,42,homecoming
2024,2,12,18,30,dining
2024,2,12,19,0,movie
2024,2,12,21,30,sleep
2024,2,13,6,2,wake_up
2024,2,13,6,12,grooming
2024,2,13,7,2,morning_dining
2024,2,13,7,30,away
2024,2,13,17,42,homecoming
2024,2,13,18,30,dining
2024,2,13,19,0,movie
2024,2,13,21,30,sleep
2024,2,14,6,2,wake_up
2024,2,14,6,12,grooming
2024,2,14,7,2,morning_dining
2024,2,14,7,30,away
2024,2,14,17,42,homecoming
2024,2,14,18,32,dining
2024,2,14,19,0,movie
2024,2,14,21,30,sleep
2024,2,15,6,2,wake_up
2024,2,15,6,12,grooming
2024,2,15,7,2,morning_dining
2024,2,15,7,30,away
2024,2,15,17,42,homecoming
2024,2,15,18,30,dining
2024,2,15,19,0,movie
2024,2,15,21,30,sleep
2024,2,16,6,2,wake_up
2024,2,16,6,12,grooming
2024,2,16,7,2,morning_dining
2024,2,16,7,30,away
2024,2,16,17,42,homecoming
2024,2,16,18,32,dining
2024,2,16,19,0,movie
2024,2,16,21,30,sleep
2024,2,17,6,2,wake_up
2024,2,17,6,12,grooming
2024,2,17,7,2,morning_dining
2024,2,17,7,30,away
2024,2,17,17,42,homecoming
2024,2,17,18,30,dining
2024,2,17,19,0,movie
2024,2,17,21,30,sleep
2024,2,18,6,2,wake_up
2024,2,18,6,12,grooming
2024,2,18,7,2,morning_dining
2024,2,18,7,29,away
2024,2,18,17,42,homecoming
2024,2,18,18,30,dining
2024,2,18,19,0,movie
2024,2,18,21,30,sleep
2024,2,19,6,2,wake_up
2024,2,19,6,12,grooming
2024,2,19,7,2,morning_dining
2024,2,19,7,30,away
2024,2,19,17,42,homecoming
2024,2,19,18,30,dining
2024,2,19,19,0,movie
2024,2,19,21,30,sleep
2024,2,20,6,2,wake_up
2024,2,20,6,12,grooming
2024,2,20,7,2,morning_dining
2024,2,20,7,30,away
2024,2,20,17,42,homecoming
2024,2,20,18,30,dining
2024,2,20,19,0,movie
2024,2,20,21,30,sleep
2024,2,21,6,2,wake_up
2024,2,21,6,12,grooming
2024,2,21,7,6,morning_dining
2024,2,21,7,30,away
2024,2,21,17,42,homecoming
2024,2,21,18,30,dining
2024,2,21,19,0,movie
2024,2,21,21,30,sleep
2024,2,22,6,2,wake_up
2024,2,22,6,12,grooming
2024,2,22,7,2,morning_dining
2024,2,22,7,30,away
2024,2,22,17,42,homecoming
2024,2,22,18,30,dining
2024,2,22,19,0,movie
2024,2,22,21,30,sleep
2024,2,23,6,2,wake_up
2024,2,23,6,12,grooming
2024,2,23,7,2,morning_dining
2024,2,23,7,30,away
2024,2,23,17,42,homecoming
2024,2,23,18,30,dining
2024,2,23,19,0,movie
2024,2,23,21,30,sleep
2024,2,24,6,2,wake_up
2024,2,24,6,12,grooming
2024,2,24,7,2,morning_dining
2024,2,24,7,30,away
2024,2,24,17,42,homecoming
2024,2,24,18,30,dining
2024,2,24,19,0,movie
2024,2,24,21,30,sleep
2024,2,25,6,2,wake_up
2024,2,25,6,12,grooming
2024,2,25,7,2,morning_dining
2024,2,25,7,31,away
2024,2,25,17,42,homecoming
2024,2,25,18,30,dining
2024,2,25,19,0,movie
2024,2,25,21,30,sleep
2024,2,26,6,2,wake_up
2024,2,26,6,12,grooming
2024,2,26,7,2,morning_dining
2024,2,26,7,30,away
2024,2,26,17,42,homecoming
2024,2,26,18,30,dining
2024,2,26,19,0,movie
2024,2,26,21,30,sleep
2024,2,27,6,2,wake_up
2024,2,27,6,12,grooming
2024,2,27,7,2,morning_dining
2024,2,27,7,30,away
2024,2,27,17,42,homecoming
2024,2,27,18,30,dining
2024,2,27,19,0,movie
2024,2,27,21,30,sleep
2024,2,28,6,2,wake_up
2024,2,28,6,12,grooming
2024,2,28,7,2,morning_dining
2024,2,28,7,30,away
2024,2,28,17,42,homecoming
2024,2,28,18,30,dining
2024,2,28,19,2,movie
2024,2,28,21,30,sleep
2024,2,30,6,2,wake_up
2024,2,30,6,12,grooming
2024,2,30,7,2,morning_dining
2024,2,30,7,30,away
2024,2,30,17,42,homecoming
2024,2,30,18,30,dining
2024,2,30,19,0,movie
2024,2,30,21,30,sleep
2024,2,31,6,2,wake_up
2024,2,31,6,12,grooming
2024,2,31,7,2,morning_dining
2024,2,31,7,30,away
2024,2,31,17,42,homecoming
2024,2,31,18,30,dining
2024,2,31,19,0,movie
2024,2,31,21,30,sleep
2024,3,1,6,2,wake_up
2024,3,1,6,12,grooming
2024,3,1,7,2,morning_dining
2024,3,1,7,30,away
2024,3,1,17,42,homecoming
2024,3,1,18,30,dining
2024,3,1,19,0,movie
2024,3,1,21,30,sleep
2024,3,2,6,2,wake_up
2024,3,2,6,12,grooming
2024,3,2,7,2,morning_dining
2024,3,2,7,33,away
2024,3,2,17,42,homecoming
2024,3,2,18,30,dining
2024,3,2,19,0,movie
2024,3,2,21,30,sleep
2024,3,3,6,2,wake_up
2024,3,3,6,12,grooming
2024,3,3,7,2,morning_dining
2024,3,3,7,30,away
2024,3,3,17,42,homecoming
2024,3,3,18,30,dining
2024,3,3,19,0,movie
2024,3,3,21,30,sleep
2024,3,4,6,2,wake_up
2024,3,4,6,12,grooming
2024,3,4,7,2,morning_dining
2024,3,4,7,30,away
2024,3,4,17,42,homecoming
2024,3,4,18,30,dining
2024,3,4,19,0,movie
2024,3,4,21,30,sleep
2024,3,5,6,2,wake_up
2024,3,5,6,12,grooming
2024,3,5,7,2,morning_dining
2024,3,5,7,30,away
2024,3,5,17,42,homecoming
2024,3,5,18,30,dining
2024,3,5,19,0,movie
2024,3,5,21,30,sleep
2024,3,6,6,2,wake_up
2024,3,6,6,12,grooming
2024,3,6,7,2,morning_dining
2024,3,6,7,30,away
2024,3,6,17,42,homecoming
2024,3,6,18,30,dining
2024,3,6,19,0,movie
2024,3,6,21,30,sleep
2024,3,7,6,2,wake_up
2024,3,7,6,12,grooming
2024,3,7,7,2,morning_dining
2024,3,7,7,30,away
2024,3,7,17,41,homecoming
2024,3,7,18,30,dining
2024,3,7,19,0,movie
2024,3,7,21,30,sleep
2024,3,8,6,2,wake_up
2024,3,8,6,12,grooming
2024,3,8,7,2,morning_dining
2024,3,8,7,30,away
2024,3,8,17,42,homecoming
2024,3,8,18,30,dining
2024,3,8,19,0,movie
2024,3,8,21,30,sleep
2024,3,9,6,2,wake_up
2024,3,9,6,12,grooming
2024,3,9,7,2,morning_dining
2024,3,9,7,30,away
2024,3,9,17,42,homecoming
2024,3,9,18,30,dining
2024,3,9,19,0,movie
2024,3,9,21,30,sleep
2024,3,10,6,2,wake_up
2024,3,10,6,12,grooming
2024,3,10,7,2,morning_dining
2024,3,10,7,30,away
2024,3,10,17,42,homecoming
2024,3,10,18,30,dining
2024,3,10,19,0,movie
2024,3,10,21,30,sleep
2024,3,11,6,2,wake_up
2024,3,11,6,12,grooming
2024,3,11,7,2,morning_dining
2024,3,11,7,30,away
2024,3,11,17,42,homecoming
2024,3,11,18,30,dining
2024,3,11,19,0,movie
2024,3,11,21,30,sleep
2024,3,12,6,2,wake_up
2024,3,12,6,12,grooming
2024,3,12,7,2,morning_dining
2024,3,12,7,30,away
2024,3,12,17,42,homecoming
2024,3,12,18,30,dining
2024,3,12,19,0,movie
2024,3,12,21,30,sleep
2024,3,13,6,2,wake_up
2024,3,13,6,12,grooming
2024,3,13,7,2,morning_dining
2024,3,13,7,30,away
2024,3,13,17,42,homecoming
2024,3,13,18,30,dining
2024,3,13,19,0,movie
2024,3,13,21,30,sleep
2024,3,14,6,2,wake_up
2024,3,14,6,12,grooming
2024,3,14,7,2,morning_dining
2024,3,14,7,30,away
2024,3,14,17,42,homecoming
2024,3,14,18,30,dining
2024,3,14,19,0,movie
2024,3,14,21,30,sleep
2024,3,15,6,2,wake_up
2024,3,15,6,12,grooming
2024,3,15,7,2,morning_dining
2024,3,15,7,30,away
2024,3,15,17,42,homecoming
2024,3,15,18,30,dining
2024,3,15,19,0,movie
2024,3,15,21,30,sleep
2024,3,16,6,2,wake_up
2024,3,16,6,12,grooming
2024,3,16,7,2,morning_dining
2024,3,16,7,30,away
2024,3,16,17,42,homecoming
2024,3,16,18,30,dining
2024,3,16,19,0,movie
2024,3,16,21,30,sleep
2024,3,17,6,2,wake_up
2024,3,17,6,12,grooming
2024,3,17,7,2,morning_dining
2024,3,17,7,30,away
2024,3,17,17,42,homecoming
2024,3,17,18,30,dining
2024,3,17,19,0,movie
2024,3,17,21,30,sleep
2024,3,18,6,2,wake_up
2024,3,18,6,12,grooming
2024,3,18,7,2,morning_dining
2024,3,18,7,30,away
2024,3,18,17,42,homecoming
2024,3,18,18,30,dining
2024,3,18,19,0,movie
2024,3,18,21,30,sleep
2024,3,19,6,2,wake_up
2024,3,19,6,12,grooming
2024,3,19,7,2,morning_dining
2024,3,19,7,30,away
2024,3,19,17,42,homecoming
2024,3,19,18,30,dining
2024,3,19,19,0,movie
2024,3,19,21,30,sleep
2024,3,20,6,2,wake_up
2024,3,20,6,12,grooming
2024,3,20,7,2,morning_dining
2024,3,20,7,30,away
2024,3,20,17,42,homecoming
2024,3,20,18,30,dining
2024,3,20,19,0,movie
2024,3,20,21,30,sleep
2024,3,21,6,2,wake_up
2024,3,21,6,12,grooming
2024,3,21,7,2,morning_dining
2024,3,21,7,30,away
2024,3,21,17,42,homecoming
2024,3,21,18,30,dining
2024,3,21,19,0,movie
2024,3,21,21,30,sleep
2024,3,22,6,2,wake_up
2024,3,22,6,12,grooming
2024,3,22,7,2,morning_dining
2024,3,22,7,30,away
2024,3,22,17,42,homecoming
2024,3,22,18,30,dining
2024,3,22,19,0,movie
2024,3,22,21,30,sleep
2024,3,23,6,2,wake_up
2024,3,23,6,12,grooming
2024,3,23,7,2,morning_dining
2024,3,23,7,30,away
2024,3,23,17,42,homecoming
2024,3,23,18,30,dining
2024,3,23,19,0,movie
2024,3,23,21,30,sleep
2024,3,24,6,2,wake_up
2024,3,24,6,12,grooming
2024,3,24,7,2,morning_dining
2024,3,24,7,30,away
2024,3,24,17,42,homecoming
2024,3,24,18,30,dining
2024,3,24,19,0,movie
2024,3,24,21,30,sleep
2024,3,25,6,2,wake_up
2024,3,25,6,12,grooming
2024,3,25,7,2,morning_dining
2024,3,25,7,30,away
2024,3,25,17,42,homecoming
2024,3,25,18,30,dining
2024,3,25,19,0,movie
2024,3,25,21,30,sleep
2024,3,26,6,2,wake_up
2024,3,26,6,12,grooming
2024,3,26,7,2,morning_dining
2024,3,26,7,30,away
2024,3,26,17,42,homecoming
2024,3,26,18,30,dining
2024,3,26,19,0,movie
2024,3,26,21,30,sleep
2024,3,27,6,2,wake_up
2024,3,27,6,12,grooming
2024,3,27,7,2,morning_dining
2024,3,27,7,30,away
2024,3,27,17,42,homecoming
2024,3,27,18,30,dining
2024,3,27,19,0,movie
2024,3,27,21,30,sleep
2024,3,28,6,2,wake_up
2024,3,28,6,12,grooming
2024,3,28,7,2,morning_dining
2024,3,28,7,30,away
2024,3,28,17,42,homecoming
2024,3,28,18,30,dining
2024,3,28,19,0,movie
2024,3,28,21,30,sleep
2024,3,30,6,2,wake_up
2024,3,30,6,12,grooming
2024,3,30,7,2,morning_dining
2024,3,30,7,30,away
2024,3,30,17,42,homecoming
2024,3,30,18,30,dining
2024,3,30,19,0,movie
2024,3,30,21,30,sleep
2024,4,1,6,2,wake_up
2024,4,1,6,12,grooming
2024,4,1,7,2,morning_dining
2024,4,1,7,30,away
2024,4,1,17,42,homecoming
2024,4,1,18,30,dining
2024,4,1,19,0,movie
2024,4,1,21,30,sleep
2024,4,2,6,2,wake_up
2024,4,2,6,12,grooming
2024,4,2,7,2,morning_dining
2024,4,2,7,30,away
2024,4,2,17,42,homecoming
2024,4,2,18,30,dining
2024,4,2,19,0,movie
2024,4,2,21,30,sleep
2024,4,3,6,2,wake_up
2024,4,3,6,12,grooming
2024,4,3,7,2,morning_dining
2024,4,3,7,30,away
2024,4,3,17,42,homecoming
2024,4,3,18,30,dining
2024,4,3,19,0,movie
2024,4,3,21,30,sleep
2024,4,4,6,2,wake_up
2024,4,4,6,12,grooming
2024,4,4,7,2,morning_dining
2024,4,4,7,30,away
2024,4,4,17,42,homecoming
2024,4,4,18,30,dining
2024,4,4,19,0,movie
2024,4,4,21,30,sleep
2024,4,5,6,2,wake_up
2024,4,5,6,12,grooming
2024,4,5,7,2,morning_dining
2024,4,5,7,30,away
2024,4,5,17,42,homecoming
2024,4,5,18,30,dining
2024,4,5,19,0,movie
2024,4,5,21,30,sleep
2024,4,6,6,2,wake_up
2024,4,6,6,12,grooming
2024,4,6,7,2,morning_dining
2024,4,6,7,30,away
2024,4,6,17,42,homecoming
2024,4,6,18,30,dining
2024,4,6,19,0,movie
2024,4,6,21,30,sleep
2024,4,7,6,2,wake_up
2024,4,7,6,12,grooming
2024,4,7,7,2,morning_dining
2024,4,7,7,30,away
2024,4,7,17,42,homecoming
2024,4,7,18,30,dining
2024,4,7,19,0,movie
2024,4,7,21,30,sleep
2024,4,8,6,2,wake_up
2024,4,8,6,12,grooming
2024,4,8,7,2,morning_dining
2024,4,8,7,30,away
2024,4,8,17,42,homecoming
2024,4,8,18,30,dining
2024,4,8,19,0,movie
2024,4,8,21,30,sleep
2024,4,9,6,2,wake_up
2024,4,9,6,12,grooming
2024,4,9,7,2,morning_dining
2024,4,9,7,30,away
2024,4,9,17,42,homecoming
2024,4,9,18,30,dining
2024,4,9,19,0,movie
2024,4,9,21,30,sleep
2024,4,10,6,2,wake_up
2024,4,10,6,12,grooming
2024,4,10,7,2,morning_dining
2024,4,10,7,30,away
2024,4,10,17,42,homecoming
2024,4,10,18,30,dining
2024,4,10,19,0,movie
2024,4,10,21,30,sleep
2024,4,11,6,2,wake_up
2024,4,11,6,12,grooming
2024,4,11,7,2,morning_dining
2024,4,11,7,30,away
2024,4,11,17,42,homecoming
2024,4,11,18,30,dining
2024,4,11,19,0,movie
2024,4,11,21,30,sleep
2024,4,12,6,2,wake_up
2024,4,12,6,12,grooming
2024,4,12,7,2,morning_dining
2024,4,12,7,30,away
2024,4,12,17,42,homecoming
2024,4,12,18,30,dining
2024,4,12,19,0,movie
2024,4,12,21,30,sleep
2024,4,13,6,2,wake_up
2024,4,13,6,12,grooming
2024,4,13,7,2,morning_dining
2024,4,13,7,30,away
2024,4,13,17,42,homecoming
2024,4,13,18,30,dining
2024,4,13,19,0,movie
2024,4,13,21,30,sleep
2024,4,14,6,2,wake_up
2024,4,14,6,12,grooming
2024,4,14,7,2,morning_dining
2024,4,14,7,30,away
2024,4,14,17,42,homecoming
2024,4,14,18,30,dining
2024,4,14,19,0,movie
2024,4,14,21,30,sleep
2024,4,15,6,2,wake_up
2024,4,15,6,12,grooming
2024,4,15,7,2,morning_dining
2024,4,15,7,30,away
2024,4,15,17,42,homecoming
2024,4,15,18,30,dining
2024,4,15,19,0,movie
2024,4,15,21,30,sleep
2024,4,16,6,2,wake_up
2024,4,16,6,12,grooming
2024,4,16,7,2,morning_dining
2024,4,16,7,30,away
2024,4,16,17,42,homecoming
2024,4,16,18,30,dining
2024,4,16,19,0,movie
2024,4,16,21,30,sleep
2024,4,17,6,2,wake_up
2024,4,17,6,12,grooming
2024,4,17,7,2,morning_dining
2024,4,17,7,30,away
2024,4,17,17,42,homecoming
2024,4,17,18,30,dining
2024,4,17,19,0,movie
2024,4,17,21,30,sleep
2024,4,18,6,2,wake_up
2024,4,18,6,12,grooming
2024,4,18,7,2,morning_dining
2024,4,18,7,30,away
2024,4,18,17,42,homecoming
2024,4,18,18,30,dining
2024,4,18,19,0,movie
2024,4,18,21,30,sleep
2024,4,19,6,2,wake_up
2024,4,19,6,12,grooming
2024,4,19,7,2,morning_dining
2024,4,19,7,30,away
2024,4,19,17,42,homecoming
2024,4,19,18,30,dining
2024,4,19,19,0,movie
2024,4,19,21,30,sleep
2024,4,20,6,2,wake_up
2024,4,20,6,12,grooming
2024,4,20,7,2,morning_dining
2024,4,20,7,30,away
2024,4,20,17,42,homecoming
2024,4,20,18,30,dining
2024,4,20,19,0,movie
2024,4,20,21,30,sleep
2024,4,21,6,2,wake_up
2024,4,21,6,12,grooming
2024,4,21,7,2,morning_dining
2024,4,21,7,30,away
2024,4,21,17,42,homecoming
2024,4,21,18,30,dining
2024,4,21,19,0,movie
2024,4,21,21,30,sleep
2024,4,22,6,2,wake_up
2024,4,22,6,12,grooming
2024,4,22,7,2,morning_dining
2024,4,22,7,30,away
2024,4,22,17,42,homecoming
2024,4,22,18,30,dining
2024,4,22,19,0,movie
2024,4,22,21,30,sleep
2024,4,23,6,2,wake_up
2024,4,23,6,12,grooming
2024,4,23,7,2,morning_dining
2024,4,23,7,30,away
2024,4,23,17,42,homecoming
2024,4,23,18,30,dining
2024,4,23,19,0,movie
2024,4,23,21,30,sleep
2024,4,24,6,2,wake_up
2024,4,24,6,12,grooming
2024,4,24,7,2,morning_dining
2024,4,24,7,30,away
2024,4,24,17,42,homecoming
2024,4,24,18,30,dining
2024,4,24,19,0,movie
2024,4,24,21,30,sleep
2024,4,25,6,2,wake_up
2024,4,25,6,12,grooming
2024,4,25,7,2,morning_dining
2024,4,25,7,30,away
2024,4,25,17,42,homecoming
2024,4,25,18,30,dining
2024,4,25,19,0,movie
2024,4,25,21,30,sleep
2024,4,26,6,2,wake_up
2024,4,26,6,12,grooming
2024,4,26,7,2,morning_dining
2024,4,26,7,30,away
2024,4,26,17,42,homecoming
2024,4,26,18,30,dining
2024,4,26,19,0,movie
2024,4,26,21,30,sleep
2024,4,27,6,2,wake_up
2024,4,27,6,12,grooming
2024,4,27,7,2,morning_dining
2024,4,27,7,30,away
2024,4,27,17,42,homecoming
2024,4,27,18,30,dining
2024,4,27,19,0,movie
2024,4,27,21,30,sleep
2024,4,28,6,2,wake_up
2024,4,28,6,12,grooming
2024,4,28,7,2,morning_dining
2024,4,28,7,30,away
2024,4,28,17,42,homecoming
2024,4,28,18,30,dining
2024,4,28,19,0,movie
2024,4,28,21,30,sleep
2024,4,30,6,2,wake_up
2024,4,30,6,12,grooming
2024,4,30,7,2,morning_dining
2024,4,30,7,30,away
2024,4,30,17,42,homecoming
2024,4,30,18,30,dining
2024,4,30,19,0,movie
2024,4,30,21,30,sleep
2024,4,31,6,2,wake_up
2024,4,31,6,12,grooming
2024,4,31,7,2,morning_dining
2024,4,31,7,30,away
2024,4,31,17,42,homecoming
2024,4,31,18,30,dining
2024,4,31,19,0,movie
2024,4,31,21,30,sleep
2024,5,1,6,2,wake_up
2024,5,1,6,12,grooming
2024,5,1,7,2,morning_dining
2024,5,1,7,30,away
2024,5,1,17,42,homecoming
2024,5,1,18,30,dining
2024,5,1,19,0,movie
2024,5,1,21,30,sleep
2024,5,2,6,2,wake_up
2024,5,2,6,12,grooming
2024,5,2,7,2,morning_dining
2024,5,2,7,30,away
2024,5,2,17,42,homecoming
2024,5,2,18,30,dining
2024,5,2,19,0,movie
2024,5,2,21,30,sleep
2024,5,3,6,2,wake_up
2024,5,3,6,12,grooming
2024,5,3,7,2,morning_dining
2024,5,3,7,30,away
2024,5,3,17,42,homecoming
2024,5,3,18,30,dining
2024,5,3,19,0,movie
2024,5,3,21,30,sleep
2024,5,4,6,2,wake_up
2024,5,4,6,12,grooming
2024,5,4,7,2,morning_dining
2024,5,4,7,30,away
2024,5,4,17,42,homecoming
2024,5,4,18,30,dining
2024,5,4,19,0,movie
2024,5,4,21,30,sleep
2024,5,5,6,2,wake_up
2024,5,5,6,12,grooming
2024,5,5,7,2,morning_dining
2024,5,5,7,30,away
2024,5,5,17,42,homecoming
2024,5,5,18,30,dining
2024,5,5,19,0,movie
2024,5,5,21,30,sleep
2024,5,6,6,2,wake_up
2024,5,6,6,12,grooming
2024,5,6,7,2,morning_dining
2024,5,6,7,30,away
2024,5,6,17,42,homecoming
2024,5,6,18,30,dining
2024,5,6,19,0,movie
2024,5,6,21,30,sleep
2024,5,7,6,2,wake_up
2024,5,7,6,12,grooming
2024,5,7,7,2,morning_dining
2024,5,7,7,30,away
2024,5,7,17,42,homecoming
2024,5,7,18,30,dining
2024,5,7,19,0,movie
2024,5,7,21,30,sleep
2024,5,8,6,2,wake_up
2024,5,8,6,12,grooming
2024,5,8,7,2,morning_dining
2024,5,8,7,30,away
2024,5,8,17,42,homecoming
2024,5,8,18,30,dining
2024,5,8,19,0,movie
2024,5,8,21,30,sleep
2024,5,9,6,2,wake_up
2024,5,9,6,12,grooming
2024,5,9,7,2,morning_dining
2024,5,9,7,30,away
2024,5,9,17,42,homecoming
2024,5,9,18,30,dining
2024,5,9,19,0,movie
2024,5,9,21,30,sleep
2024,5,10,6,2,wake_up
2024,5,10,6,12,grooming
2024,5,10,7,2,morning_dining
2024,5,10,7,30,away
2024,5,10,17,42,homecoming
2024,5,10,18,30,dining
2024,5,10,19,0,movie
2024,5,10,21,30,sleep
2024,5,11,6,2,wake_up
2024,5,11,6,12,grooming
2024,5,11,7,2,morning_dining
2024,5,11,7,30,away
2024,5,11,17,42,homecoming
2024,5,11,18,30,dining
2024,5,11,19,0,movie
2024,5,11,21,30,sleep
2024,5,12,6,2,wake_up
2024,5,12,6,12,grooming
2024,5,12,7,2,morning_dining
2024,5,12,7,30,away
2024,5,12,17,42,homecoming
2024,5,12,18,30,dining
2024,5,12,19,0,movie
2024,5,12,21,30,sleep
2024,5,13,6,2,wake_up
2024,5,13,6,12,grooming
2024,5,13,7,2,morning_dining
2024,5,13,7,30,away
2024,5,13,17,42,homecoming
2024,5,13,18,30,dining
2024,5,13,19,0,movie
2024,5,13,21,30,sleep
2024,5,14,6,2,wake_up
2024,5,14,6,12,grooming
2024,5,14,7,2,morning_dining
2024,5,14,7,30,away
2024,5,14,17,42,homecoming
2024,5,14,18,30,dining
2024,5,14,19,0,movie
2024,5,14,21,30,sleep
2024,5,15,6,2,wake_up
2024,5,15,6,12,grooming
2024,5,15,7,2,morning_dining
2024,5,15,7,30,away
2024,5,15,17,42,homecoming
2024,5,15,18,30,dining
2024,5,15,19,0,movie
2024,5,15,21,30,sleep
2024,5,16,6,2,wake_up
2024,5,16,6,12,grooming
2024,5,16,7,2,morning_dining
2024,5,16,7,30,away
2024,5,16,17,42,homecoming
2024,5,16,18,30,dining
2024,5,16,19,0,movie
2024,5,16,21,30,sleep
2024,5,17,6,2,wake_up
2024,5,17,6,12,grooming
2024,5,17,7,2,morning_dining
2024,5,17,7,30,away
2024,5,17,17,42,homecoming
2024,5,17,18,30,dining
2024,5,17,19,0,movie
2024,5,17,21,30,sleep
2024,5,18,6,2,wake_up
2024,5,18,6,12,grooming
2024,5,18,7,2,morning_dining
2024,5,18,7,30,away
2024,5,18,17,42,homecoming
2024,5,18,18,30,dining
2024,5,18,19,0,movie
2024,5,18,21,30,sleep
2024,5,19,6,2,wake_up
2024,5,19,6,12,grooming
2024,5,19,7,2,morning_dining
2024,5,19,7,30,away
2024,5,19,17,42,homecoming
2024,5,19,18,30,dining
2024,5,19,19,0,movie
2024,5,19,21,30,sleep
2024,5,20,6,2,wake_up
2024,5,20,6,12,grooming
2024,5,20,7,2,morning_dining
2024,5,20,7,30,away
2024,5,20,17,42,homecoming
2024,5,20,18,30,dining
2024,5,20,19,0,movie
2024,5,20,21,30,sleep
2024,5,21,6,2,wake_up
2024,5,21,6,12,grooming
2024,5,21,7,2,morning_dining
2024,5,21,7,30,away
2024,5,21,17,42,homecoming
2024,5,21,18,30,dining
2024,5,21,19,0,movie
2024,5,21,21,30,sleep
2024,5,22,6,2,wake_up
2024,5,22,6,12,grooming
2024,5,22,7,2,morning_dining
2024,5,22,7,30,away
2024,5,22,17,42,homecoming
2024,5,22,18,30,dining
2024,5,22,19,0,movie
2024,5,22,21,30,sleep
2024,5,23,6,2,wake_up
2024,5,23,6,12,grooming
2024,5,23,7,2,morning_dining
2024,5,23,7,30,away
2024,5,23,17,42,homecoming
2024,5,23,18,30,dining
2024,5,23,19,0,movie
2024,5,23,21,30,sleep
2024,5,24,6,2,wake_up
2024,5,24,6,12,grooming
2024,5,24,7,2,morning_dining
2024,5,24,7,30,away
2024,5,24,17,42,homecoming
2024,5,24,18,30,dining
2024,5,24,19,0,movie
2024,5,24,21,30,sleep
2024,5,25,6,2,wake_up
2024,5,25,6,12,grooming
2024,5,25,7,2,morning_dining
2024,5,25,7,30,away
2024,5,25,17,42,homecoming
2024,5,25,18,30,dining
2024,5,25,19,0,movie
2024,5,25,21,30,sleep
2024,5,26,6,2,wake_up
2024,5,26,6,12,grooming
2024,5,26,7,2,morning_dining
2024,5,26,7,30,away
2024,5,26,17,42,homecoming
2024,5,26,18,30,dining
2024,5,26,19,0,movie
2024,5,26,21,30,sleep
2024,5,27,6,2,wake_up
2024,5,27,6,12,grooming
2024,5,27,7,2,morning_dining
2024,5,27,7,30,away
2024,5,27,17,42,homecoming
2024,5,27,18,30,dining
2024,5,27,19,0,movie
2024,5,27,21,30,sleep
2024,5,28,6,2,wake_up
2024,5,28,6,12,grooming
2024,5,28,7,2,morning_dining
2024,5,28,7,30,away
2024,5,28,17,42,homecoming
2024,5,28,18,30,dining
2024,5,28,19,0,movie
2024,5,28,21,30,sleep
2024,5,30,6,2,wake_up
2024,5,30,6,12,grooming
2024,5,30,7,2,morning_dining
2024,5,30,7,30,away
2024,5,30,17,42,homecoming
2024,5,30,18,30,dining
2024,5,30,19,0,movie
2024,5,30,21,30,sleep
2024,6,1,6,2,wake_up
2024,6,1,6,12,grooming
2024,6,1,7,2,morning_dining
2024,6,1,7,30,away
2024,6,1,17,42,homecoming
2024,6,1,18,30,dining
2024,6,1,19,0,movie
2024,6,1,21,30,sleep
2024,6,2,6,2,wake_up
2024,6,2,6,12,grooming
2024,6,2,7,2,morning_dining
2024,6,2,7,30,away
2024,6,2,17,42,homecoming
2024,6,2,18,30,dining
2024,6,2,19,0,movie
2024,6,2,21,30,sleep
2024,6,3,6,2,wake_up
2024,6,3,6,12,grooming
2024,6,3,7,2,morning_dining
2024,6,3,7,30,away
2024,6,3,17,42,homecoming
2024,6,3,18,30,dining
2024,6,3,19,0,movie
2024,6,3,21,30,sleep
2024,6,4,6,2,wake_up
2024,6,4,6,12,grooming
2024,6,4,7,2,morning_dining
2024,6,4,7,30,away
2024,6,4,17,42,homecoming
2024,6,4,18,30,dining
2024,6,4,19,0,movie
2024,6,4,21,30,sleep
2024,6,5,6,2,wake_up
2024,6,5,6,12,grooming
2024,6,5,7,2,morning_dining
2024,6,5,7,30,away
2024,6,5,17,42,homecoming
2024,6,5,18,30,dining
2024,6,5,19,0,movie
2024,6,5,21,30,sleep
2024,6,6,6,2,wake_up
2024,6,6,6,12,grooming
2024,6,6,7,2,morning_dining
2024,6,6,7,30,away
2024,6,6,17,42,homecoming
2024,6,6,18,30,dining
2024,6,6,19,0,movie
2024,6,6,21,30,sleep
2024,6,7,6,2,wake_up
2024,6,7,6,12,grooming
2024,6,7,7,2,morning_dining
2024,6,7,7,30,away
2024,6,7,17,42,homecoming
2024,6,7,18,30,dining
2024,6,7,19,0,movie
2024,6,7,21,30,sleep
2024,6,8,6,2,wake_up
2024,6,8,6,12,grooming
2024,6,8,7,2,morning_dining
2024,6,8,7,30,away
2024,6,8,17,42,homecoming
2024,6,8,18,30,dining
2024,6,8,19,0,movie
2024,6,8,21,30,sleep
2024,6,9,6,2,wake_up
2024,6,9,6,12,grooming
2024,6,9,7,2,morning_dining
2024,6,9,7,30,away
2024,6,9,17,42,homecoming
2024,6,9,18,30,dining
2024,6,9,19,0,movie
2024,6,9,21,30,sleep
2024,6,10,6,2,wake_up
2024,6,10,6,12,grooming
2024,6,10,7,2,morning_dining
2024,6,10,7,30,away
2024,6,10,17,42,homecoming
2024,6,10,18,30,dining
2024,6,10,19,0,movie
2024,6,10,21,30,sleep
2024,6,11,6,2,wake_up
2024,6,11,6,12,grooming
2024,6,11,7,2,morning_dining
2024,6,11,7,30,away
2024,6,11,17,42,homecoming
2024,6,11,18,30,dining
2024,6,11,19,0,movie
2024,6,11,21,30,sleep
2024,6,12,6,2,wake_up
2024,6,12,6,12,grooming
2024,6,12,7,2,morning_dining
2024,6,12,7,30,away
2024,6,12,17,42,homecoming
2024,6,12,18,30,dining
2024,6,12,19,0,movie
2024,6,12,21,30,sleep
2024,6,13,6,2,wake_up
2024,6,13,6,12,grooming
2024,6,13,7,2,morning_dining
2024,6,13,7,30,away
2024,6,13,17,42,homecoming
2024,6,13,18,30,dining
2024,6,13,19,0,movie
2024,6,13,21,30,sleep
2024,6,14,6,2,wake_up
2024,6,14,6,12,grooming
2024,6,14,7,2,morning_dining
2024,6,14,7,30,away
2024,6,14,17,42,homecoming
2024,6,14,18,30,dining
2024,6,14,19,0,movie
2024,6,14,21,30,sleep
2024,6,15,6,2,wake_up
2024,6,15,6,12,grooming
2024,6,15,7,2,morning_dining
2024,6,15,7,30,away
2024,6,15,17,42,homecoming
2024,6,15,18,30,dining
2024,6,15,19,0,movie
2024,6,15,21,30,sleep
2024,6,16,6,2,wake_up
2024,6,16,6,12,grooming
2024,6,16,7,2,morning_dining
2024,6,16,7,30,away
2024,6,16,17,42,homecoming
2024,6,16,18,30,dining
2024,6,16,19,0,movie
2024,6,16,21,30,sleep
2024,6,17,6,2,wake_up
2024,6,17,6,12,grooming
2024,6,17,7,2,morning_dining
2024,6,17,7,30,away
2024,6,17,17,42,homecoming
2024,6,17,18,30,dining
2024,6,17,19,0,movie
2024,6,17,21,30,sleep
2024,6,18,6,2,wake_up
2024,6,18,6,12,grooming
2024,6,18,7,2,morning_dining
2024,6,18,7,30,away
2024,6,18,17,42,homecoming
2024,6,18,18,30,dining
2024,6,18,19,0,movie
2024,6,18,21,30,sleep
2024,6,19,6,2,wake_up
2024,6,19,6,12,grooming
2024,6,19,7,2,morning_dining
2024,6,19,7,30,away
2024,6,19,17,42,homecoming
2024,6,19,18,30,dining
2024,6,19,19,0,movie
2024,6,19,21,30,sleep
2024,6,20,6,2,wake_up
2024,6,20,6,12,grooming
2024,6,20,7,2,morning_dining
2024,6,20,7,30,away
2024,6,20,17,42,homecoming
2024,6,20,18,30,dining
2024,6,20,19,0,movie
2024,6,20,21,30,sleep
2024,6,21,6,2,wake_up
2024,6,21,6,12,grooming
2024,6,21,7,2,morning_dining
2024,6,21,7,30,away
2024,6,21,17,42,homecoming
2024,6,21,18,30,dining
2024,6,21,19,0,movie
2024,6,21,21,30,sleep
2024,6,22,6,2,wake_up
2024,6,22,6,12,grooming
2024,6,22,7,2,morning_dining
2024,6,22,7,30,away
2024,6,22,17,42,homecoming
2024,6,22,18,30,dining
2024,6,22,19,0,movie
2024,6,22,21,30,sleep
2024,6,23,6,2,wake_up
2024,6,23,6,12,grooming
2024,6,23,7,2,morning_dining
2024,6,23,7,30,away
2024,6,23,17,42,homecoming
2024,6,23,18,30,dining
2024,6,23,19,0,movie
2024,6,23,21,30,sleep
2024,6,24,6,2,wake_up
2024,6,24,6,12,grooming
2024,6,24,7,2,morning_dining
2024,6,24,7,30,away
2024,6,24,17,42,homecoming
2024,6,24,18,30,dining
2024,6,24,19,0,movie
2024,6,24,21,30,sleep
2024,6,25,6,2,wake_up
2024,6,25,6,12,grooming
2024,6,25,7,2,morning_dining
2024,6,25,7,30,away
2024,6,25,17,42,homecoming
2024,6,25,18,30,dining
2024,6,25,19,0,movie
2024,6,25,21,30,sleep
2024,6,26,6,2,wake_up
2024,6,26,6,12,grooming
2024,6,26,7,2,morning_dining
2024,6,26,7,30,away
2024,6,26,17,42,homecoming
2024,6,26,18,30,dining
2024,6,26,19,0,movie
2024,6,26,21,30,sleep
2024,6,27,6,2,wake_up
2024,6,27,6,12,grooming
2024,6,27,7,2,morning_dining
2024,6,27,7,30,away
2024,6,27,17,42,homecoming
2024,6,27,18,30,dining
2024,6,27,19,0,movie
2024,6,27,21,30,sleep
2024,6,28,6,2,wake_up
2024,6,28,6,12,grooming
2024,6,28,7,2,morning_dining
2024,6,28,7,30,away
2024,6,28,17,42,homecoming
2024,6,28,18,30,dining
2024,6,28,19,0,movie
2024,6,28,21,30,sleep
2024,6,30,6,2,wake_up
2024,6,30,6,12,grooming
2024,6,30,7,2,morning_dining
2024,6,30,7,30,away
2024,6,30,17,42,homecoming
2024,6,30,18,30,dining
2024,6,30,19,0,movie
2024,6,30,21,30,sleep
2024,6,31,6,2,wake_up
2024,6,31,6,12,grooming
2024,6,31,7,2,morning_dining
2024,6,31,7,30,away
2024,6,31,17,42,homecoming
2024,6,31,18,30,dining
2024,6,31,19,0,movie
2024,6,31,21,30,sleep
2024,7,1,6,2,wake_up
2024,7,1,6,12,grooming
2024,7,1,7,2,morning_dining
2024,7,1,7,30,away
2024,7,1,17,42,homecoming
2024,7,1,18,30,dining
2024,7,1,19,0,movie
2024,7,1,21,30,sleep
2024,7,2,6,2,wake_up
2024,7,2,6,12,grooming
2024,7,2,7,2,morning_dining
2024,7,2,7,30,away
2024,7,2,17,42,homecoming
2024,7,2,18,30,dining
2024,7,2,19,0,movie
2024,7,2,21,30,sleep
2024,7,3,6,2,wake_up
2024,7,3,6,12,grooming
2024,7,3,7,2,morning_dining
2024,7,3,7,30,away
2024,7,3,17,42,homecoming
2024,7,3,18,30,dining
2024,7,3,19,0,movie
2024,7,3,21,30,sleep
2024,7,4,6,2,wake_up
2024,7,4,6,12,grooming
2024,7,4,7,2,morning_dining
2024,7,4,7,30,away
2024,7,4,17,42,homecoming
2024,7,4,18,30,dining
2024,7,4,19,0,movie
2024,7,4,21,30,sleep
2024,7,5,6,2,wake_up
2024,7,5,6,12,grooming
2024,7,5,7,2,morning_dining
2024,7,5,7,30,away
2024,7,5,17,42,homecoming
2024,7,5,18,30,dining
2024,7,5,19,0,movie
2024,7,5,21,30,sleep
2024,7,6,6,2,wake_up
2024,7,6,6,12,grooming
2024,7,6,7,2,morning_dining
2024,7,6,7,30,away
2024,7,6,17,42,homecoming
2024,7,6,18,30,dining
2024,7,6,19,0,movie
2024,7,6,21,30,sleep
2024,7,7,6,2,wake_up
2024,7,7,6,12,grooming
2024,7,7,7,2,morning_dining
2024,7,7,7,30,away
2024,7,7,17,42,homecoming
2024,7,7,18,30,dining
2024,7,7,19,0,movie
2024,7,7,21,30,sleep
2024,7,8,6,2,wake_up
2024,7,8,6,12,grooming
2024,7,8,7,2,morning_dining
2024,7,8,7,30,away
2024,7,8,17,42,homecoming
2024,7,8,18,30,dining
2024,7,8,19,0,movie
2024,7,8,21,30,sleep
2024,7,9,6,2,wake_up
2024,7,9,6,12,grooming
2024,7,9,7,2,morning_dining
2024,7,9,7,30,away
2024,7,9,17,42,homecoming
2024,7,9,18,30,dining
2024,7,9,19,0,movie
2024,7,9,21,30,sleep
2024,7,10,6,2,wake_up
2024,7,10,6,12,grooming
2024,7,10,7,2,morning_dining
2024,7,10,7,30,away
2024,7,10,17,42,homecoming
2024,7,10,18,30,dining
2024,7,10,19,0,movie
2024,7,10,21,30,sleep
2024,7,11,6,2,wake_up
2024,7,11,6,12,grooming
2024,7,11,7,2,morning_dining
2024,7,11,7,30,away
2024,7,11,17,42,homecoming
2024,7,11,18,30,dining
2024,7,11,19,0,movie
2024,7,11,21,30,sleep
2024,7,12,6,2,wake_up
2024,7,12,6,12,grooming
2024,7,12,7,2,morning_dining
2024,7,12,7,30,away
2024,7,12,17,42,homecoming
2024,7,12,18,30,dining
2024,7,12,19,0,movie
2024,7,12,21,30,sleep
2024,7,13,6,2,wake_up
2024,7,13,6,12,grooming
2024,7,13,7,2,morning_dining
2024,7,13,7,30,away
2024,7,13,17,42,homecoming
2024,7,13,18,30,dining
2024,7,13,19,0,movie
2024,7,13,21,30,sleep
2024,7,14,6,2,wake_up
2024,7,14,6,12,grooming
2024,7,14,7,2,morning_dining
2024,7,14,7,30,away
2024,7,14,17,42,homecoming
2024,7,14,18,30,dining
2024,7,14,19,0,movie
2024,7,14,21,30,sleep
2024,7,15,6,2,wake_up
2024,7,15,6,12,grooming
2024,7,15,7,2,morning_dining
2024,7,15,7,30,away
2024,7,15,17,42,homecoming
2024,7,15,18,30,dining
2024,7,15,19,0,movie
2024,7,15,21,30,sleep
2024,7,16,6,2,wake_up
2024,7,16,6,12,grooming
2024,7,16,7,2,morning_dining
2024,7,16,7,30,away
2024,7,16,17,42,homecoming
2024,7,16,18,30,dining
2024,7,16,19,0,movie
2024,7,16,21,30,sleep
2024,7,17,6,2,wake_up
2024,7,17,6,12,grooming
2024,7,17,7,2,morning_dining
2024,7,17,7,30,away
2024,7,17,17,42,homecoming
2024,7,17,18,30,dining
2024,7,17,19,0,movie
2024,7,17,21,30,sleep
2024,7,18,6,2,wake_up
2024,7,18,6,12,grooming
2024,7,18,7,2,morning_dining
2024,7,18,7,30,away
2024,7,18,17,42,homecoming
2024,7,18,18,30,dining
2024,7,18,19,0,movie
2024,7,18,21,30,sleep
2024,7,19,6,2,wake_up
2024,7,19,6,12,grooming
2024,7,19,7,2,morning_dining
2024,7,19,7,30,away
2024,7,19,17,42,homecoming
2024,7,19,18,30,dining
2024,7,19,19,0,movie
2024,7,19,21,30,sleep
2024,7,20,6,2,wake_up
2024,7,20,6,12,grooming
2024,7,20,7,2,morning_dining
2024,7,20,7,30,away
2024,7,20,17,42,homecoming
2024,7,20,18,30,dining
2024,7,20,19,0,movie
2024,7,20,21,30,sleep
2024,7,21,6,2,wake_up
2024,7,21,6,12,grooming
2024,7,21,7,2,morning_dining
2024,7,21,7,30,away
2024,7,21,17,42,homecoming
2024,7,21,18,30,dining
2024,7,21,19,0,movie
2024,7,21,21,30,sleep
2024,7,22,6,2,wake_up
2024,7,22,6,12,grooming
2024,7,22,7,2,morning_dining
2024,7,22,7,30,away
2024,7,22,17,42,homecoming
2024,7,22,18,30,dining
2024,7,22,19,0,movie
2024,7,22,21,30,sleep
2024,7,23,6,2,wake_up
2024,7,23,6,12,grooming
2024,7,23,7,2,morning_dining
2024,7,23,7,30,away
2024,7,23,17,42,homecoming
2024,7,23,18,30,dining
2024,7,23,19,0,movie
2024,7,23,21,30,sleep
2024,7,24,6,2,wake_up
2024,7,24,6,12,grooming
2024,7,24,7,2,morning_dining
2024,7,24,7,30,away
2024,7,24,17,42,homecoming
2024,7,24,18,30,dining
2024,7,24,19,0,movie
2024,7,24,21,30,sleep
2024,7,25,6,2,wake_up
2024,7,25,6,12,grooming
2024,7,25,7,2,morning_dining
2024,7,25,7,30,away
2024,7,25,17,42,homecoming
2024,7,25,18,30,dining
2024,7,25,19,0,movie
2024,7,25,21,30,sleep
2024,7,26,6,2,wake_up
2024,7,26,6,12,grooming
2024,7,26,7,2,morning_dining
2024,7,26,7,30,away
2024,7,26,17,42,homecoming
2024,7,26,18,30,dining
2024,7,26,19,0,movie
2024,7,26,21,30,sleep
2024,7,27,6,2,wake_up
2024,7,27,6,12,grooming
2024,7,27,7,2,morning_dining
2024,7,27,7,30,away
2024,7,27,17,42,homecoming
2024,7,27,18,30,dining
2024,7,27,19,0,movie
2024,7,27,21,30,sleep
2024,7,28,6,2,wake_up
2024,7,28,6,12,grooming
2024,7,28,7,2,morning_dining
2024,7,28,7,30,away
2024,7,28,17,42,homecoming
2024,7,28,18,30,dining
2024,7,28,19,0,movie
2024,7,28,21,30,sleep
2024,7,30,6,2,wake_up
2024,7,30,6,12,grooming
2024,7,30,7,2,morning_dining
2024,7,30,7,30,away
2024,7,30,17,42,homecoming
2024,7,30,18,30,dining
2024,7,30,19,0,movie
2024,7,30,21,30,sleep
2024,7,31,6,2,wake_up
2024,7,31,6,12,grooming
2024,7,31,7,2,morning_dining
2024,7,31,7,30,away
2024,7,31,17,42,homecoming
2024,7,31,18,30,dining
2024,7,31,19,0,movie
2024,7,31,21,30,sleep
2024,8,1,6,2,wake_up
2024,8,1,6,12,grooming
2024,8,1,7,2,morning_dining
2024,8,1,7,30,away
2024,8,1,17,42,homecoming
2024,8,1,18,30,dining
2024,8,1,19,0,movie
2024,8,1,21,30,sleep
2024,8,2,6,2,wake_up
2024,8,2,6,12,grooming
2024,8,2,7,2,morning_dining
2024,8,2,7,30,away
2024,8,2,17,42,homecoming
2024,8,2,18,30,dining
2024,8,2,19,0,movie
2024,8,2,21,30,sleep
2024,8,3,6,2,wake_up
2024,8,3,6,12,grooming
2024,8,3,7,2,morning_dining
2024,8,3,7,30,away
2024,8,3,17,42,homecoming
2024,8,3,18,30,dining
2024,8,3,19,0,movie
2024,8,3,21,30,sleep
2024,8,4,6,2,wake_up
2024,8,4,6,12,grooming
2024,8,4,7,2,morning_dining
2024,8,4,7,30,away
2024,8,4,17,42,homecoming
2024,8,4,18,30,dining
2024,8,4,19,0,movie
2024,8,4,21,30,sleep
2024,8,5,6,2,wake_up
2024,8,5,6,12,grooming
2024,8,5,7,2,morning_dining
2024,8,5,7,30,away
2024,8,5,17,42,homecoming
2024,8,5,18,30,dining
2024,8,5,19,0,movie
2024,8,5,21,30,sleep
2024,8,6,6,2,wake_up
2024,8,6,6,12,grooming
2024,8,6,7,2,morning_dining
2024,8,6,7,30,away
2024,8,6,17,42,homecoming
2024,8,6,18,30,dining
2024,8,6,19,0,movie
2024,8,6,21,30,sleep
2024,8,7,6,2,wake_up
2024,8,7,6,12,grooming
2024,8,7,7,2,morning_dining
2024,8,7,7,30,away
2024,8,7,17,42,homecoming
2024,8,7,18,30,dining
2024,8,7,19,0,movie
2024,8,7,21,30,sleep
2024,8,8,6,2,wake_up
2024,8,8,6,12,grooming
2024,8,8,7,2,morning_dining
2024,8,8,7,30,away
2024,8,8,17,42,homecoming
2024,8,8,18,30,dining
2024,8,8,19,0,movie
2024,8,8,21,30,sleep
2024,8,9,6,2,wake_up
2024,8,9,6,12,grooming
2024,8,9,7,2,morning_dining
2024,8,9,7,30,away
2024,8,9,17,42,homecoming
2024,8,9,18,30,dining
2024,8,9,19,0,movie
2024,8,9,21,30,sleep
2024,8,10,6,2,wake_up
2024,8,10,6,12,grooming
2024,8,10,7,2,morning_dining
2024,8,10,7,30,away
2024,8,10,17,42,homecoming
2024,8,10,18,30,dining
2024,8,10,19,0,movie
2024,8,10,21,30,sleep
2024,8,11,6,2,wake_up
2024,8,11,6,12,grooming
2024,8,11,7,2,morning_dining
2024,8,11,7,30,away
2024,8,11,17,42,homecoming
2024,8,11,18,30,dining
2024,8,11,19,0,movie
2024,8,11,21,30,sleep
2024,8,12,6,2,wake_up
2024,8,12,6,12,grooming
2024,8,12,7,2,morning_dining
2024,8,12,7,30,away
2024,8,12,17,42,homecoming
2024,8,12,18,30,dining
2024,8,12,19,0,movie
2024,8,12,21,30,sleep
2024,8,13,6,2,wake_up
2024,8,13,6,12,grooming
2024,8,13,7,2,morning_dining
2024,8,13,7,30,away
2024,8,13,17,42,homecoming
2024,8,13,18,30,dining
2024,8,13,19,0,movie
2024,8,13,21,30,sleep
2024,8,14,6,2,wake_up
2024,8,14,6,12,grooming
2024,8,14,7,2,morning_dining
2024,8,14,7,30,away
2024,8,14,17,42,homecoming
2024,8,14,18,30,dining
2024,8,14,19,0,movie
2024,8,14,21,30,sleep
2024,8,15,6,2,wake_up
2024,8,15,6,12,grooming
2024,8,15,7,2,morning_dining
2024,8,15,7,30,away
2024,8,15,17,42,homecoming
2024,8,15,18,30,dining
2024,8,15,19,0,movie
2024,8,15,21,30,sleep
2024,8,16,6,2,wake_up
2024,8,16,6,12,grooming
2024,8,16,7,2,morning_dining
2024,8,16,7,30,away
2024,8,16,17,42,homecoming
2024,8,16,18,30,dining
2024,8,16,19,0,movie
2024,8,16,21,30,sleep
2024,8,17,6,2,wake_up
2024,8,17,6,12,grooming
2024,8,17,7,2,morning_dining
2024,8,17,7,30,away
2024,8,17,17,42,homecoming
2024,8,17,18,30,dining
2024,8,17,19,0,movie
2024,8,17,21,30,sleep
2024,8,18,6,2,wake_up
2024,8,18,6,12,grooming
2024,8,18,7,2,morning_dining
2024,8,18,7,30,away
2024,8,18,17,42,homecoming
2024,8,18,18,30,dining
2024,8,18,19,0,movie
2024,8,18,21,30,sleep
2024,8,19,6,2,wake_up
2024,8,19,6,12,grooming
2024,8,19,7,2,morning_dining
2024,8,19,7,30,away
2024,8,19,17,42,homecoming
2024,8,19,18,30,dining
2024,8,19,19,0,movie
2024,8,19,21,30,sleep
2024,8,20,6,2,wake_up
2024,8,20,6,12,grooming
2024,8,20,7,2,morning_dining
2024,8,20,7,30,away
2024,8,20,17,42,homecoming
2024,8,20,18,30,dining
2024,8,20,19,0,movie
2024,8,20,21,30,sleep
2024,8,21,6,2,wake_up
2024,8,21,6,12,grooming
2024,8,21,7,2,morning_dining
2024,8,21,7,30,away
2024,8,21,17,42,homecoming
2024,8,21,18,30,dining
2024,8,21,19,0,movie
2024,8,21,21,30,sleep
2024,8,22,6,2,wake_up
2024,8,22,6,12,grooming
2024,8,22,7,2,morning_dining
2024,8,22,7,30,away
2024,8,22,17,42,homecoming
2024,8,22,18,30,dining
2024,8,22,19,0,movie
2024,8,22,21,30,sleep
2024,8,23,6,2,wake_up
2024,8,23,6,12,grooming
2024,8,23,7,2,morning_dining
2024,8,23,7,30,away
2024,8,23,17,42,homecoming
2024,8,23,18,30,dining
2024,8,23,19,0,movie
2024,8,23,21,30,sleep
2024,8,24,6,2,wake_up
2024,8,24,6,12,grooming
2024,8,24,7,2,morning_dining
2024,8,24,7,30,away
2024,8,24,17,42,homecoming
2024,8,24,18,30,dining
2024,8,24,19,0,movie
2024,8,24,21,30,sleep
2024,8,25,6,2,wake_up
2024,8,25,6,12,grooming
2024,8,25,7,2,morning_dining
2024,8,25,7,30,away
2024,8,25,17,42,homecoming
2024,8,25,18,30,dining
2024,8,25,19,0,movie
2024,8,25,21,30,sleep
2024,8,26,6,2,wake_up
2024,8,26,6,12,grooming
2024,8,26,7,2,morning_dining
2024,8,26,7,30,away
2024,8,26,17,42,homecoming
2024,8,26,18,30,dining
2024,8,26,19,0,movie
2024,8,26,21,30,sleep
2024,8,27,6,2,wake_up
2024,8,27,6,12,grooming
2024,8,27,7,2,morning_dining
2024,8,27,7,30,away
2024,8,27,17,42,homecoming
2024,8,27,18,30,dining
2024,8,27,19,0,movie
2024,8,27,21,30,sleep
2024,8,28,6,2,wake_up
2024,8,28,6,12,grooming
2024,8,28,7,2,morning_dining
2024,8,28,7,30,away
2024,8,28,17,42,homecoming
2024,8,28,18,30,dining
2024,8,28,19,0,movie
2024,8,28,21,30,sleep
2024,8,30,6,2,wake_up
2024,8,30,6,12,grooming
2024,8,30,7,2,morning_dining
2024,8,30,7,30,away
2024,8,30,17,42,homecoming
2024,8,30,18,30,dining
2024,8,30,19,0,movie
2024,8,30,21,30,sleep
2024,9,1,6,2,wake_up
2024,9,1,6,12,grooming
2024,9,1,7,2,morning_dining
2024,9,1,7,30,away
2024,9,1,17,42,homecoming
2024,9,1,18,30,dining
2024,9,1,19,0,movie
2024,9,1,21,30,sleep
2024,9,2,6,2,wake_up
2024,9,2,6,12,grooming
2024,9,2,7,2,morning_dining
2024,9,2,7,30,away
2024,9,2,17,42,homecoming
2024,9,2,18,30,dining
2024,9,2,19,0,movie
2024,9,2,21,30,sleep
2024,9,3,6,2,wake_up
2024,9,3,6,12,grooming
2024,9,3,7,2,morning_dining
2024,9,3,7,30,away
2024,9,3,17,42,homecoming
2024,9,3,18,30,dining
2024,9,3,19,0,movie
2024,9,3,21,30,sleep
2024,9,4,6,2,wake_up
2024,9,4,6,12,grooming
2024,9,4,7,2,morning_dining
2024,9,4,7,30,away
2024,9,4,17,42,homecoming
2024,9,4,18,30,dining
2024,9,4,19,0,movie
2024,9,4,21,30,sleep
2024,9,5,6,2,wake_up
2024,9,5,6,12,grooming
2024,9,5,7,2,morning_dining
2024,9,5,7,30,away
2024,9,5,17,42,homecoming
2024,9,5,18,30,dining
2024,9,5,19,0,movie
2024,9,5,21,30,sleep
2024,9,6,6,2,wake_up
2024,9,6,6,12,grooming
2024,9,6,7,2,morning_dining
2024,9,6,7,30,away
2024,9,6,17,42,homecoming
2024,9,6,18,30,dining
2024,9,6,19,0,movie
2024,9,6,21,30,sleep
2024,9,7,6,2,wake_up
2024,9,7,6,12,grooming
2024,9,7,7,2,morning_dining
2024,9,7,7,30,away
2024,9,7,17,42,homecoming
2024,9,7,18,30,dining
2024,9,7,19,0,movie
2024,9,7,21,30,sleep
2024,9,8,6,2,wake_up
2024,9,8,6,12,grooming
2024,9,8,7,2,morning_dining
2024,9,8,7,30,away
2024,9,8,17,42,homecoming
2024,9,8,18,30,dining
2024,9,8,19,0,movie
2024,9,8,21,30,sleep
2024,9,9,6,2,wake_up
2024,9,9,6,12,grooming
2024,9,9,7,2,morning_dining
2024,9,9,7,30,away
2024,9,9,17,42,homecoming
2024,9,9,18,30,dining
2024,9,9,19,0,movie
2024,9,9,21,30,sleep
2024,9,10,6,2,wake_up
2024,9,10,6,12,grooming
2024,9,10,7,2,morning_dining
2024,9,10,7,30,away
2024,9,10,17,42,homecoming
2024,9,10,18,30,dining
2024,9,10,19,0,movie
2024,9,10,21,30,sleep
2024,9,11,6,2,wake_up
2024,9,11,6,12,grooming
2024,9,11,7,2,morning_dining
2024,9,11,7,30,away
2024,9,11,17,42,homecoming
2024,9,11,18,30,dining
2024,9,11,19,0,movie
2024,9,11,21,30,sleep
2024,9,12,6,2,wake_up
2024,9,12,6,12,grooming
2024,9,12,7,2,morning_dining
2024,9,12,7,30,away
2024,9,12,17,42,homecoming
2024,9,12,18,30,dining
2024,9,12,19,0,movie
2024,9,12,21,30,sleep
2024,9,13,6,2,wake_up
2024,9,13,6,12,grooming
2024,9,13,7,2,morning_dining
2024,9,13,7,30,away
2024,9,13,17,42,homecoming
2024,9,13,18,30,dining
2024,9,13,19,0,movie
2024,9,13,21,30,sleep
2024,9,14,6,2,wake_up
2024,9,14,6,12,grooming
2024,9,14,7,2,morning_dining
2024,9,14,7,30,away
2024,9,14,17,42,homecoming
2024,9,14,18,30,dining
2024,9,14,19,0,movie
2024,9,14,21,30,sleep
2024,9,15,6,2,wake_up
2024,9,15,6,12,grooming
2024,9,15,7,2,morning_dining
2024,9,15,7,30,away
2024,9,15,17,42,homecoming
2024,9,15,18,30,dining
2024,9,15,19,0,movie
2024,9,15,21,30,sleep
2024,9,16,6,2,wake_up
2024,9,16,6,12,grooming
2024,9,16,7,2,morning_dining
2024,9,16,7,30,away
2024,9,16,17,42,homecoming
2024,9,16,18,30,dining
2024,9,16,19,0,movie
2024,9,16,21,30,sleep
2024,9,17,6,2,wake_up
2024,9,17,6,12,grooming
2024,9,17,7,2,morning_dining
2024,9,17,7,30,away
2024,9,17,17,42,homecoming
2024,9,17,18,30,dining
2024,9,17,19,0,movie
2024,9,17,21,30,sleep
2024,9,18,6,2,wake_up
2024,9,18,6,12,grooming
2024,9,18,7,2,morning_dining
2024,9,18,7,30,away
2024,9,18,17,42,homecoming
2024,9,18,18,30,dining
2024,9,18,19,0,movie
2024,9,18,21,30,sleep
2024,9,19,6,2,wake_up
2024,9,19,6,12,grooming
2024,9,19,7,2,morning_dining
2024,9,19,7,30,away
2024,9,19,17,42,homecoming
2024,9,19,18,30,dining
2024,9,19,19,0,movie
2024,9,19,21,30,sleep
2024,9,20,6,2,wake_up
2024,9,20,6,12,grooming
2024,9,20,7,2,morning_dining
2024,9,20,7,30,away
2024,9,20,17,42,homecoming
2024,9,20,18,30,dining
2024,9,20,19,0,movie
2024,9,20,21,30,sleep
2024,9,21,6,2,wake_up
2024,9,21,6,12,grooming
2024,9,21,7,2,morning_dining
2024,9,21,7,30,away
2024,9,21,17,42,homecoming
2024,9,21,18,30,dining
2024,9,21,19,0,movie
2024,9,21,21,30,sleep
2024,9,22,6,2,wake_up
2024,9,22,6,12,grooming
2024,9,22,7,2,morning_dining
2024,9,22,7,30,away
2024,9,22,17,42,homecoming
2024,9,22,18,30,dining
2024,9,22,19,0,movie
2024,9,22,21,30,sleep
2024,9,23,6,2,wake_up
2024,9,23,6,12,grooming
2024,9,23,7,2,morning_dining
2024,9,23,7,30,away
2024,9,23,17,42,homecoming
2024,9,23,18,30,dining
2024,9,23,19,0,movie
2024,9,23,21,30,sleep
2024,9,24,6,2,wake_up
2024,9,24,6,12,grooming
2024,9,24,7,2,morning_dining
2024,9,24,7,30,away
2024,9,24,17,42,homecoming
2024,9,24,18,30,dining
2024,9,24,19,0,movie
2024,9,24,21,30,sleep
2024,9,25,6,2,wake_up
2024,9,25,6,12,grooming
2024,9,25,7,2,morning_dining
2024,9,25,7,30,away
2024,9,25,17,42,homecoming
2024,9,25,18,30,dining
2024,9,25,19,0,movie
2024,9,25,21,30,sleep
2024,9,26,6,2,wake_up
2024,9,26,6,12,grooming
2024,9,26,7,2,morning_dining
2024,9,26,7,30,away
2024,9,26,17,42,homecoming
2024,9,26,18,30,dining
2024,9,26,19,0,movie
2024,9,26,21,30,sleep
2024,9,27,6,2,wake_up
2024,9,27,6,12,grooming
2024,9,27,7,2,morning_dining
2024,9,27,7,30,away
2024,9,27,17,42,homecoming
2024,9,27,18,30,dining
2024,9,27,19,0,movie
2024,9,27,21,30,sleep
2024,9,28,6,2,wake_up
2024,9,28,6,12,grooming
2024,9,28,7,2,morning_dining
2024,9,28,7,30,away
2024,9,28,17,42,homecoming
2024,9,28,18,30,dining
2024,9,28,19,0,movie
2024,9,28,21,30,sleep
2024,9,30,6,2,wake_up
2024,9,30,6,12,grooming
2024,9,30,7,2,morning_dining
2024,9,30,7,30,away
2024,9,30,17,42,homecoming
2024,9,30,18,30,dining
2024,9,30,19,0,movie
2024,9,30,21,30,sleep
